Unnamed: 0,text,place,uri,collector,area,lat,lon,normtext
94601,Αλογάντ' εκάτσαν κ' οι γαϊδουράντ' εδούλεψαν,"Πόντος, Σάντα",http://hdl.handle.net/20.500.11853/184254,"Παπαδόπουλος, Άνθιμος Α.",Πόντος,40.0850088,23.9775837,Αλογάντ' εκάτσαν κ' οι γαϊδουράντ' εδούλεψαν
95568,Ο Θεόν τερεί το ραχίν και θέκ' το χον!,"Πόντος, Χαλδία",http://hdl.handle.net/20.500.11853/184520,"Παπαδόπουλος, Άνθιμος Α.",Πόντος,40.0850088,23.9775837,Ο Θεόν τερεί το ραχίν και θέκ' το χον!
95873,Πολλά που παθάν' πολλά μαθάν,"Πόντος, Σάντα",http://hdl.handle.net/20.500.11853/217328,"Παπαδόπουλος, Άνθιμος Α.",Πόντος,40.0850088,23.9775837,Πολλά που παθάν' πολλά μαθάν
94560,Άφ' τον Άδη σκάνταλα εβγάλλει,"Πόντος, Ινέπολη",http://hdl.handle.net/20.500.11853/184389,"Παπαδόπουλος, Άνθιμος Α.",Πόντος,40.0850088,23.9775837,Άφ' τον Άδη σκάνταλα εβγάλλει
3441,Η μάννα εν γλυκίν κρασίν έμνοσιον παξιμάντιν που πίνει άτο ξα κι μεθά που τρώγει α κι χορτάζει,Πόντος,http://hdl.handle.net/20.500.11853/203334,"Βαλαβάνης, Ι.",Πόντος,40.0850088,23.9775837,Η μάννα εὶναι γλυκίν κρασίν έμνοσιον παξιμάντιν που πίνει άτο ξα κι μεθά που τρώγει α κι χορτάζει
94713,Ας ση γειτονεία σ' σύντροφον κι ας σ' οσπίτι σ' αζούχ!,"Πόντος, Σάντα",http://hdl.handle.net/20.500.11853/184342,"Παπαδόπουλος, Άνθιμος Α.",Πόντος,40.0850088,23.9775837,Ας ση γειτονεία σ' σύντροφον κι ας σ' οσπίτι σ' αζούχ!
95796,Ούμπαν πας η οκά τετρακόσα τράμα έν΄,"Πόντος, Τραπεζούντα",http://hdl.handle.net/20.500.11853/217312,"Παπαδόπουλος, Άνθιμος Α.",Πόντος,40.0850088,23.9775837,Ούμπαν πας η οκά τετρακόσα τράμα έν΄
77795,Όθεν παν κι άλλο κ' έρχουνταν,"Πόντος, Χαλδία",http://hdl.handle.net/20.500.11853/206810,"Μελανοφρύδης, Παντελεήμον Η.",Πόντος,40.0850088,23.9775837,Όθεν παν κι άλλο κ' έρχουνταν
3674,Ο διάβολον δουλείαν κ΄είσεν εγάμνεν τα παιδιά,Πόντος,http://hdl.handle.net/20.500.11853/164609,"Βαλαβάνης, Ι.",Πόντος,40.0850088,23.9775837,Ο διάβολον δουλείαν κ΄είσεν εγάμνεν τα παιδιά
95137,"Η γλώσσα ζογρό γερτέ τσείται, κλαδία, τζατζία κ' έχ'","Πόντος, Σάντα",http://hdl.handle.net/20.500.11853/184065,"Παπαδόπουλος, Άνθιμος Α.",Πόντος,40.0850088,23.9775837,"Η γλώσσα ζογρό γερτέ τσείται, κλαδία, τζατζία κ' έχ'"
96041,"Τ' οχτώ ους να 'κι δις, τ' εννέα 'κ' απορείς να παίρτς","Πόντος, Χαλδία",http://hdl.handle.net/20.500.11853/217511,"Παπαδόπουλος, Άνθιμος Α.",Πόντος,40.0850088,23.9775837,"Τ' οχτώ ους να 'κι δις, τ' εννέα 'κ' απορείς να παίρτς"
77994,Τσί θα φορεί κι αντρίζ';,"Πόντος, Χαλδία",http://hdl.handle.net/20.500.11853/153653,"Μελανοφρύδης, Παντελεήμον Η.",Πόντος,40.0850088,23.9775837,Τσί θα φορεί κι αντρίζ';
96224,Το κόκκινον την Πέφτ',"Πόντος, Χαλδία",http://hdl.handle.net/20.500.11853/244158,"Παπαδόπουλος, Άνθιμος Α.",Πόντος,40.0850088,23.9775837,Το κόκκινον την Πέφτ'
96112,Τη γυναίκαν είπαν ατεν ο γουρζουλάς παιδιά μοιράζ''. Τ' εμόν μ' επαίρ'νεν' είπεν και τ' εκεινού λαζούμ' κ' έτον',"Πόντος, Χαλδία",http://hdl.handle.net/20.500.11853/244001,"Παπαδόπουλος, Άνθιμος Α.",Πόντος,40.0850088,23.9775837,Τη γυναίκαν είπαν ατεν ο γουρζουλάς παιδιά μοιράζ''. Τ' εμόν μ' επαίρ'νεν' είπεν και τ' εκεινού λαζούμ' κ' έτον'
4108,Το κολογκύθιν 'ς εμόν ρο κεφάλιν έσπασεν,Πόντος,http://hdl.handle.net/20.500.11853/264055,"Βαλαβάνης, Ι.",Πόντος,40.0850088,23.9775837,Το κολογκύθιν 'ς εμόν ρο κεφάλιν έσπασεν
96186,"Το δώσ' μ' α δώσ' μ' α έμαθεν, το να 'κ' επεγροικίστεν","Πόντος, Τραπεζούντα",http://hdl.handle.net/20.500.11853/184759,"Παπαδόπουλος, Άνθιμος Α.",Πόντος,40.0850088,23.9775837,"Το δώσ' μ' α δώσ' μ' α έμαθεν, το να 'κ' επεγροικίστεν"
95561,Ο Θεόν δί' τα φάβατα που 'κ' εγροικούν να τρώγ' ν άτα,"Πόντος, Χαλδία",http://hdl.handle.net/20.500.11853/184511,"Παπαδόπουλος, Άνθιμος Α.",Πόντος,40.0850088,23.9775837,Ο Θεόν δί' τα φάβατα που 'κ' εγροικούν να τρώγ' ν άτα
94867,Δός εμέν και το παιδί μ' κι' άντρας ιμ 'ς σήν πόρταν κάν στέκ,Πόντος,http://hdl.handle.net/20.500.11853/184869,"Παπαδόπουλος, Άνθιμος Α.",Πόντος,40.0850088,23.9775837,Δός εμέν και το παιδί μ' κι' άντρας ιμ 'ς σήν πόρταν κάν στέκ
94633,Αούτος ο Θεός πασκείντο εν Αρναούτ' ς;,"Πόντος, Χαλδία",http://hdl.handle.net/20.500.11853/184291,"Παπαδόπουλος, Άνθιμος Α.",Πόντος,40.0850088,23.9775837,Αούτος ο Θεός πασκείντο εὶναι Αρναούτ' ς;
77592,Έμαθαμ' και τη Σεβαζί την ευτενίαν,"Πόντος, Χαλδία",http://hdl.handle.net/20.500.11853/264282,"Μελανοφρύδης, Παντελεήμον Η.",Πόντος,40.0850088,23.9775837,Έμαθαμ' και τη Σεβαζί την ευτενίαν
95547,Ο γυρεύον εγύρευεν κ΄ έδιν΄νεν για τη ψήν άτ΄,"Πόντος, Χαλδία",http://hdl.handle.net/20.500.11853/184832,"Παπαδόπουλος, Άνθιμος Α.",Πόντος,40.0850088,23.9775837,Ο γυρεύον εγύρευεν κ΄ έδιν΄νεν για τη ψήν άτ΄
3992,Τ' ελάδια μ' έκσεα,Πόντος,http://hdl.handle.net/20.500.11853/274886,"Βαλαβάνης, Ι.",Πόντος,40.0850088,23.9775837,Τ' ελάδια μ' έκσεα
3376,Ευκής παιδίν εν,Πόντος,http://hdl.handle.net/20.500.11853/263918,"Βαλαβάνης, Ι.",Πόντος,40.0850088,23.9775837,Ευκής παιδίν εὶναι
95396,Μά'χ κρατεί,Πόντος,http://hdl.handle.net/20.500.11853/217583,"Παπαδόπουλος, Άνθιμος Α.",Πόντος,40.0850088,23.9775837,Μά'χ κρατεί
3580,Μακρά αδελφός και σιμά ο γειτονάς,Πόντος,http://hdl.handle.net/20.500.11853/166868,"Βαλαβάνης, Ι.",Πόντος,40.0850088,23.9775837,Μακρά αδελφός και σιμά ο γειτονάς
77525,Αν επορώ σο περβόλι σ' θήκω έναν λιθάρ,"Πόντος, Χαλδία",http://hdl.handle.net/20.500.11853/284433,"Μελανοφρύδης, Παντελεήμον Η.",Πόντος,40.0850088,23.9775837,Αν επορώ σο περβόλι σ' θήκω έναν λιθάρ
77671,Η μερμύκα πα με τ' εκεινές το γαντάρ σεράντα πατουμάνια έρθεν,"Πόντος, Χαλδία",http://hdl.handle.net/20.500.11853/206803,"Μελανοφρύδης, Παντελεήμον Η.",Πόντος,40.0850088,23.9775837,Η μερμύκα πα με τ' εκεινές το γαντάρ σεράντα πατουμάνια έρθεν
95779,Οκνία μαυροπροσωπία,"Πόντος, Τραπεζούντα",http://hdl.handle.net/20.500.11853/217253,"Παπαδόπουλος, Άνθιμος Α.",Πόντος,40.0850088,23.9775837,Οκνία μαυροπροσωπία
95577,"Ο Θεός κορώνα να έκουεν, 'ς σον κόσμον άλογα 'κι θα επέμειν' ναν","Πόντος, Ινέπολη",http://hdl.handle.net/20.500.11853/184529,"Παπαδόπουλος, Άνθιμος Α.",Πόντος,40.0850088,23.9775837,"Ο Θεός κορώνα να έκουεν, 'ς σον κόσμον άλογα 'κι θα επέμειν' ναν"
94558,Άτραν κι άλεγον που 'κ έχ'ς σην παρέβγαν ντ' έργον έχ;,"Πόντος, Κοτύωρα",http://hdl.handle.net/20.500.11853/184285,"Παπαδόπουλος, Άνθιμος Α.",Πόντος,40.0850088,23.9775837,Άτραν κι άλεγον που 'κ έχ'ς σην παρέβγαν ντ' έργον έχ;
94570,Αγράμπουλον κακκόμελον,"Πόντος, Κερασούντα",http://hdl.handle.net/20.500.11853/184211,"Παπαδόπουλος, Άνθιμος Α.",Πόντος,40.0850088,23.9775837,Αγράμπουλον κακκόμελον
4334,"Καινούργιον κόσκινον, που να κρεμάνω σε; Κι όντες παλιώνεις, που να τινάω σε;","Πόντος, Οινόη",http://hdl.handle.net/20.500.11853/231870,"Βαμβακίδης, Ι.",Πόντος,40.0850088,23.9775837,"Καινούργιον κόσκινον, που να κρεμάνω σε; Κι όντες παλιώνεις, που να τινάω σε;"
4013,Τα κρίματα μ' επήρες,Πόντος,http://hdl.handle.net/20.500.11853/273003,"Βαλαβάνης, Ι.",Πόντος,40.0850088,23.9775837,Τα κρίματα μ' επήρες
95406,Μασχαρευτόν και τσαχευτόν,"Πόντος, Χαλδία",http://hdl.handle.net/20.500.11853/217061,"Παπαδόπουλος, Άνθιμος Α.",Πόντος,40.0850088,23.9775837,Μασχαρευτόν και τσαχευτόν
96368,"Τρανόν κακό, τρανόν πελάν, τρανόν τυραννισίαν",Πόντος,http://hdl.handle.net/20.500.11853/217517,"Παπαδόπουλος, Άνθιμος Α.",Πόντος,40.0850088,23.9775837,"Τρανόν κακό, τρανόν πελάν, τρανόν τυραννισίαν"
96193,Το θελυκό το πουλλί φκειάει την φωλέα,"Πόντος, Ινέπολη",http://hdl.handle.net/20.500.11853/184760,"Παπαδόπουλος, Άνθιμος Α.",Πόντος,40.0850088,23.9775837,Το θελυκό το πουλλί φκειάει την φωλέα
97266,Άντρας εμ άς εν ουστάπασης και τζοχάρ' αν θέλτς ας εσ',Πόντος,http://hdl.handle.net/20.500.11853/156643,"Παπανανιάδης, Ελευθέριος",Πόντος,40.0850088,23.9775837,Άντρας εμ άς εὶναι ουστάπασης και τζοχάρ' αν θέλτς ας εσ'
94735,Ας σο στούδιμ ατ'΄εν' ντο κι' αγαπείεται,Πόντος,http://hdl.handle.net/20.500.11853/184376,"Παπαδόπουλος, Άνθιμος Α.",Πόντος,40.0850088,23.9775837,Ας σο στούδιμ ατ'΄εὶναι τι κι' αγαπείεται
77884,"Τ' έναν τ΄ ομμάτνατ σ΄ Αϊλαλού, και τ' άλλο σ' Αϊκώστα","Πόντος, Χαλδία",http://hdl.handle.net/20.500.11853/280133,"Μελανοφρύδης, Παντελεήμον Η.",Πόντος,40.0850088,23.9775837,"Τ' έναν τ΄ ομμάτνατ σ΄ Αϊλαλού, και τ' άλλο σ' Αϊκώστα"
94926,Έξ' κι απαδά!,"Πόντος, Κοτύωρα",http://hdl.handle.net/20.500.11853/184499,"Παπαδόπουλος, Άνθιμος Α.",Πόντος,40.0850088,23.9775837,Έξ' κι απαδά!
4001,Τ' ομματί μ με το σκωλεκιν ετσκώθεν,Πόντος,http://hdl.handle.net/20.500.11853/279561,"Βαλαβάνης, Ι.",Πόντος,40.0850088,23.9775837,Τ' ομματί μ με το σκωλεκιν ετσκώθεν
97297,Ντο εν τη καμελί ορθόν να έτον και η γούλα,Πόντος,http://hdl.handle.net/20.500.11853/203036,"Παπανανιάδης, Ελευθέριος",Πόντος,40.0850088,23.9775837,Τι εὶναι τη καμελί ορθόν να έτον και η γούλα
3491,Κ' η καλομάννα μ' ποίει ατο,Πόντος,http://hdl.handle.net/20.500.11853/264053,"Βαλαβάνης, Ι.",Πόντος,40.0850088,23.9775837,Κ' η καλομάννα μ' ποίει ατο
4280,Για παιδόπλο για πανόπλο,"Πόντος, Οινόη",http://hdl.handle.net/20.500.11853/246375,"Βαμβακίδης, Ι.",Πόντος,40.0850088,23.9775837,Για παιδόπλο για πανόπλο
3634,Μουχτερόν πουλούν,Πόντος,http://hdl.handle.net/20.500.11853/263991,"Βαλαβάνης, Ι.",Πόντος,40.0850088,23.9775837,Μουχτερόν πουλούν
99675,Ραφ και σοκέννε,"Πόντος, Τραπεζούντα",http://hdl.handle.net/20.500.11853/264235,"Παρχαρίδης, Ι. Α.",Πόντος,40.0850088,23.9775837,Ραφ και σοκέννε
77851,Σην αναβροχήν το χαλάζ πα καλόν εν,"Πόντος, Χαλδία",http://hdl.handle.net/20.500.11853/206821,"Μελανοφρύδης, Παντελεήμον Η.",Πόντος,40.0850088,23.9775837,Σην αναβροχήν το χαλάζ πα καλόν εὶναι
95979,"Σιλτουρ', 'ς σα ξύλα, 'ς σο νερόν, Σιλτουρ', 'ς ση χαμαιλέτεν","Πόντος, Κερασούντα",http://hdl.handle.net/20.500.11853/244137,"Παπαδόπουλος, Άνθιμος Α.",Πόντος,40.0850088,23.9775837,"Σιλτουρ', 'ς σα ξύλα, 'ς σο νερόν, Σιλτουρ', 'ς ση χαμαιλέτεν"
78000,"Χεμ' κλέφτες, χεμ απανώτερος","Πόντος, Χαλδία",http://hdl.handle.net/20.500.11853/206845,"Μελανοφρύδης, Παντελεήμον Η.",Πόντος,40.0850088,23.9775837,"Χεμ' κλέφτες, χεμ απανώτερος"
96187,"Το έναν τ' αχούλ' πα καλόν εν, άμα τα δύο κι άλλο καλλίον","Πόντος, Σάντα",http://hdl.handle.net/20.500.11853/184758,"Παπαδόπουλος, Άνθιμος Α.",Πόντος,40.0850088,23.9775837,"Το έναν τ' αχούλ' πα καλόν εὶναι, άμα τα δύο κι άλλο καλλίον"
95564,"Ο Θεόν έδουνεν τα φάβατα, 'ς εκείντς που ΄κ' έχ΄ νε δόντια","Πόντος, Τραπεζούντα",http://hdl.handle.net/20.500.11853/184509,"Παπαδόπουλος, Άνθιμος Α.",Πόντος,40.0850088,23.9775837,"Ο Θεόν έδουνεν τα φάβατα, 'ς εκείντς που ΄κ' έχ΄ νε δόντια"
96064,"Τα κουντούρας κρόξ κρούξ, τας κοιλίας λάγξ λούγξ","Πόντος, Σάντα",http://hdl.handle.net/20.500.11853/199746,"Παπαδόπουλος, Άνθιμος Α.",Πόντος,40.0850088,23.9775837,"Τα κουντούρας κρόξ κρούξ, τας κοιλίας λάγξ λούγξ"
95236,Ήντσαν θέλ' το καλό σ' ευτάει σε και κλαις,"Πόντος, Χαλδία",http://hdl.handle.net/20.500.11853/216987,"Παπαδόπουλος, Άνθιμος Α.",Πόντος,40.0850088,23.9775837,Ήντσαν θέλ' το καλό σ' ευτάει σε και κλαις
96182,Το δανεικό να γελά,"Πόντος, Ινέπολη",http://hdl.handle.net/20.500.11853/184752,"Παπαδόπουλος, Άνθιμος Α.",Πόντος,40.0850088,23.9775837,Το δανεικό να γελά
77757,Ο Θεός σο ρασύν θήκ και το χιόν,"Πόντος, Χαλδία",http://hdl.handle.net/20.500.11853/173172,"Μελανοφρύδης, Παντελεήμον Η.",Πόντος,40.0850088,23.9775837,Ο Θεός σο ρασύν θήκ και το χιόν
4276,Αφέντρια ελέϊνεν: όλα τά σεράϊα τά 'μα είναι,"Πόντος, Οινόη",http://hdl.handle.net/20.500.11853/191018,"Βαμβακίδης, Ι.",Πόντος,40.0850088,23.9775837,Αφέντρια ελέϊνεν: όλα τά σεράϊα τά 'μα είναι
94743,Ας σον Γιώρ' κέσ' τον Αέρ' πα ικράχ εποίκα,"Πόντος, Σάντα",http://hdl.handle.net/20.500.11853/184362,"Παπαδόπουλος, Άνθιμος Α.",Πόντος,40.0850088,23.9775837,Ας σον Γιώρ' κέσ' τον Αέρ' πα ικράχ εποίκα
95316,Κανείνος κερίν ους να εμέρωσεν 'κ' επίασεν,"Πόντος, Χαλδία",http://hdl.handle.net/20.500.11853/199633,"Παπαδόπουλος, Άνθιμος Α.",Πόντος,40.0850088,23.9775837,Κανείνος κερίν ους να εμέρωσεν 'κ' επίασεν
95019,Εκαβάλλ' κεψεν τα πουλάλα,"Πόντος, Χαλδία",http://hdl.handle.net/20.500.11853/184464,"Παπαδόπουλος, Άνθιμος Α.",Πόντος,40.0850088,23.9775837,Εκαβάλλ' κεψεν τα πουλάλα
94644,Απέμεινε πουλλίν 'ς σο κλαδίν,"Πόντος, Κερασούντα",http://hdl.handle.net/20.500.11853/244012,"Παπαδόπουλος, Άνθιμος Α.",Πόντος,40.0850088,23.9775837,Απέμεινε πουλλίν 'ς σο κλαδίν
94611,Αμόν Πέτρος μ' ίνεσαι,"Πόντος, Κοτύωρα",http://hdl.handle.net/20.500.11853/244009,"Παπαδόπουλος, Άνθιμος Α.",Πόντος,40.0850088,23.9775837,Αμόν Πέτρος μ' ίνεσαι
95433,Με το μολύβ' να κρούς άτον αίμαν 'κι στάζ',"Πόντος, Χαλδία",http://hdl.handle.net/20.500.11853/184194,"Παπαδόπουλος, Άνθιμος Α.",Πόντος,40.0850088,23.9775837,Με το μολύβ' να κρούς άτον αίμαν 'κι στάζ'
96019,Τ' αργάτ' η γυναίκα ους το μεσημέρ' πεινά,"Πόντος, Χαλδία",http://hdl.handle.net/20.500.11853/184692,"Παπαδόπουλος, Άνθιμος Α.",Πόντος,40.0850088,23.9775837,Τ' αργάτ' η γυναίκα ους το μεσημέρ' πεινά
95600,Ο κλέφτες 'κι ωρίεται,"Πόντος, Κοτύωρα",http://hdl.handle.net/20.500.11853/199702,"Παπαδόπουλος, Άνθιμος Α.",Πόντος,40.0850088,23.9775837,Ο κλέφτες 'κι ωρίεται
94985,Εδέκαν 'ς ση ράχαν ατ' το ταούλ' κι ατείν' κρούγ' νε τα κοπάλα,"Πόντος, Σάντα",http://hdl.handle.net/20.500.11853/244039,"Παπαδόπουλος, Άνθιμος Α.",Πόντος,40.0850088,23.9775837,Εδέκαν 'ς ση ράχαν ατ' το ταούλ' κι ατείν' κρούγ' νε τα κοπάλα
4065,Τημ μυμύαν καμέλιν ποίει,Πόντος,http://hdl.handle.net/20.500.11853/269764,"Βαλαβάνης, Ι.",Πόντος,40.0850088,23.9775837,Τημ μυμύαν καμέλιν ποίει
94887,Έδωκα νερόν αφκάτ' ατ',"Πόντος, Κερασούντα",http://hdl.handle.net/20.500.11853/217184,"Παπαδόπουλος, Άνθιμος Α.",Πόντος,40.0850088,23.9775837,Έδωκα νερόν αφκάτ' ατ'
94841,Για τ'έναν ψύλλον καίει το χαλίν,"Πόντος, Χαλδία",http://hdl.handle.net/20.500.11853/217169,"Παπαδόπουλος, Άνθιμος Α.",Πόντος,40.0850088,23.9775837,Για τ'έναν ψύλλον καίει το χαλίν
3579,Μαγκούριν κι έχω,Πόντος,http://hdl.handle.net/20.500.11853/166881,"Βαλαβάνης, Ι.",Πόντος,40.0850088,23.9775837,Μαγκούριν κι έχω
77741,Ντο έχς Μουράτ; - Το είχα πάντα,"Πόντος, Χαλδία",http://hdl.handle.net/20.500.11853/173162,"Μελανοφρύδης, Παντελεήμον Η.",Πόντος,40.0850088,23.9775837,Τι έχς Μουράτ; - Το είχα πάντα
95000,"Εθέλεσες κ' επέθανες, τη γης χαράν εποίκες","Πόντος, Χαλδία",http://hdl.handle.net/20.500.11853/244042,"Παπαδόπουλος, Άνθιμος Α.",Πόντος,40.0850088,23.9775837,"Εθέλεσες κ' επέθανες, τη γης χαράν εποίκες"
77877,Τ' αδέλφια νταν χωρίουνταν ο ήλον πά ματούται μουδί ο ήλον μαναχόν τη ήλ'η μάνα πάλι,"Πόντος, Χαλδία",http://hdl.handle.net/20.500.11853/153649,"Μελανοφρύδης, Παντελεήμον Η.",Πόντος,40.0850088,23.9775837,Τ' αδέλφια νταν χωρίουνταν ο ήλον πά ματούται μουδί ο ήλον μαναχόν τη ήλ'η μάνα πάλι
3087,"Απάν εποίκεν, αφτιά εποίκεν...","Πόντος, Κερασούντα",http://hdl.handle.net/20.500.11853/264128,"Βαλαβάνης, Ι.",Πόντος,40.0850088,23.9775837,"Απάν εποίκεν, αφτιά εποίκεν..."
94690,Ας είχα τον άντραν μ' κι άς έμ' και 'ς ση κυρού μ,Πόντος,http://hdl.handle.net/20.500.11853/184328,"Παπαδόπουλος, Άνθιμος Α.",Πόντος,40.0850088,23.9775837,Ας είχα τον άντραν μ' κι άς έμ' και 'ς ση κυρού μ
94486,Άθρωπος θωρείς και καρδιές 'κε γνωρίεις,"Πόντος, Ινέπολη",http://hdl.handle.net/20.500.11853/217095,"Παπαδόπουλος, Άνθιμος Α.",Πόντος,40.0850088,23.9775837,Άθρωπος θωρείς και καρδιές 'κε γνωρίεις
4187,Του Θεού το μαθετιάτικον,Πόντος,http://hdl.handle.net/20.500.11853/166855,"Βαλαβάνης, Ι.",Πόντος,40.0850088,23.9775837,Του Θεού το μαθετιάτικον
95260,Ίντσαν θέλ' το καλό σ εφτάει σε και κλαίς,Πόντος,http://hdl.handle.net/20.500.11853/199822,"Παπαδόπουλος, Άνθιμος Α.",Πόντος,40.0850088,23.9775837,Ίντσαν θέλ' το καλό σ εφτάει σε και κλαίς
3112,Ας ΄ς ομμάτια κι χωρίζω άτο,Πόντος,http://hdl.handle.net/20.500.11853/279247,"Βαλαβάνης, Ι.",Πόντος,40.0850088,23.9775837,Ας ΄ς ομμάτια κι χωρίζω άτο
37693,Λύκον με μένυγμαν κουζούμ κι τρώγει,"Πόντος, Χαλδία",http://hdl.handle.net/20.500.11853/227958,"Κανδηλάπτης, Γ.",Πόντος,40.0850088,23.9775837,Λύκον με μένυγμαν κουζούμ κι τρώγει
3742,Ο πετεινόν εκούγιξεν παρώρας παρώρας κι' εγνέφιξεν τογ γέρον τομ παραπονεμένον,Πόντος,http://hdl.handle.net/20.500.11853/264092,"Βαλαβάνης, Ι.",Πόντος,40.0850088,23.9775837,Ο πετεινόν εκούγιξεν παρώρας παρώρας κι' εγνέφιξεν τογ γέρον τομ παραπονεμένον
77746,"Ο γάιδαρον έξερεν εφτά κολύμπα, κι αμόν το εκατήβεν σο ποτάμ' κεκά τ' εφτά πά ενέσπαλεν","Πόντος, Χαλδία",http://hdl.handle.net/20.500.11853/153616,"Μελανοφρύδης, Παντελεήμον Η.",Πόντος,40.0850088,23.9775837,"Ο γάιδαρον έξερεν εφτά κολύμπα, κι αμόν το εκατήβεν σο ποτάμ' κεκά τ' εφτά πά ενέσπαλεν"
4255,Άντρας ας εν κι αλαχτορίου χασιέτιν ας έσει,"Πόντος, Οινόη",http://hdl.handle.net/20.500.11853/191033,"Βαμβακίδης, Ι.",Πόντος,40.0850088,23.9775837,Άντρας ας εὶναι κι αλαχτορίου χασιέτιν ας έσει
3037,Άφς καυλία τημ ψωλήσ σ και κράτ τ' εμόν,Πόντος,http://hdl.handle.net/20.500.11853/141120,"Βαλαβάνης, Ι.",Πόντος,40.0850088,23.9775837,Άφς καυλία τημ ψωλήσ σ και κράτ τ' εμόν
3534,Κλώση 'κ εσ',Πόντος,http://hdl.handle.net/20.500.11853/201957,"Βαλαβάνης, Ι.",Πόντος,40.0850088,23.9775837,Κλώση 'κ εσ'
77666,Η κοσάρα πίν' και τερεί και σον Θεόν κιάν,"Πόντος, Χαλδία",http://hdl.handle.net/20.500.11853/173150,"Μελανοφρύδης, Παντελεήμον Η.",Πόντος,40.0850088,23.9775837,Η κοσάρα πίν' και τερεί και σον Θεόν κιάν
96254,Το ξένον τ' άλογον πη καβαλλ'κεύ' αγλήγορα κατηβαίν',"Πόντος, Χαλδία",http://hdl.handle.net/20.500.11853/199798,"Παπαδόπουλος, Άνθιμος Α.",Πόντος,40.0850088,23.9775837,Το ξένον τ' άλογον πη καβαλλ'κεύ' αγλήγορα κατηβαίν'
77907,Ταν ταν κοιλίαν εύκαιρον και δόντι ακονεμένα,"Πόντος, Χαλδία",http://hdl.handle.net/20.500.11853/206827,"Μελανοφρύδης, Παντελεήμον Η.",Πόντος,40.0850088,23.9775837,Ταν ταν κοιλίαν εύκαιρον και δόντι ακονεμένα
77654,"Ζήσον, μουλάρ, και φα κριθάρια","Πόντος, Χαλδία",http://hdl.handle.net/20.500.11853/173143,"Μελανοφρύδης, Παντελεήμον Η.",Πόντος,40.0850088,23.9775837,"Ζήσον, μουλάρ, και φα κριθάρια"
3835,Ούτε μέλι ποιεί ούτε κηρόν ποιεί,Πόντος,http://hdl.handle.net/20.500.11853/279544,"Βαλαβάνης, Ι.",Πόντος,40.0850088,23.9775837,Ούτε μέλι ποιεί ούτε κηρόν ποιεί
97335,Το γεροντιάρικον το βούδ εγάλ τ' αυλάκ',Πόντος,http://hdl.handle.net/20.500.11853/165851,"Παπανανιάδης, Ελευθέριος",Πόντος,40.0850088,23.9775837,Το γεροντιάρικον το βούδ εγάλ τ' αυλάκ'
94973,"Εγώ ας το δαβαίνω, ο κόσμος ας χαλάεται","Πόντος, Χαλδία",http://hdl.handle.net/20.500.11853/184450,"Παπαδόπουλος, Άνθιμος Α.",Πόντος,40.0850088,23.9775837,"Εγώ ας το δαβαίνω, ο κόσμος ας χαλάεται"
4199,Υγείαν κι όρεξιν,Πόντος,http://hdl.handle.net/20.500.11853/200543,"Βαλαβάνης, Ι.",Πόντος,40.0850088,23.9775837,Υγείαν κι όρεξιν
99616,Ασσήν οργήν σσον κίντυνον,"Πόντος, Κρώμνη",http://hdl.handle.net/20.500.11853/191518,"Παρχαρίδης, Ι. Α.",Πόντος,40.0850088,23.9775837,Ασσήν οργήν σσον κίντυνον
95178,Η κοιλία 'τ' πολλά παίρ',"Πόντος, Σάντα",http://hdl.handle.net/20.500.11853/199614,"Παπαδόπουλος, Άνθιμος Α.",Πόντος,40.0850088,23.9775837,Η κοιλία 'τ' πολλά παίρ'
94593,Αλαλος κι αμήλαλος και γαλενόν ποτάμι,"Πόντος, Χαλδία",http://hdl.handle.net/20.500.11853/184242,"Παπαδόπουλος, Άνθιμος Α.",Πόντος,40.0850088,23.9775837,Αλαλος κι αμήλαλος και γαλενόν ποτάμι
3975,"Τ' αγά έτον το γαΐχ, εδέβα μ ατό",Πόντος,http://hdl.handle.net/20.500.11853/166746,"Βαλαβάνης, Ι.",Πόντος,40.0850088,23.9775837,"Τ' αγά έτον το γαΐχ, εδέβα μ ατό"
97274,"Βράσον χαλκόν, βράσον ση να δέα βαίν πλάν ο μισεαφέρτς",Πόντος,http://hdl.handle.net/20.500.11853/281409,"Παπανανιάδης, Ελευθέριος",Πόντος,40.0850088,23.9775837,"Βράσον χαλκόν, βράσον ση να δέα βαίν πλάν ο μισεαφέρτς"
94947,Έφαεν τα σίδερα,"Πόντος, Κρώμνη",http://hdl.handle.net/20.500.11853/243958,"Παπαδόπουλος, Άνθιμος Α.",Πόντος,40.0850088,23.9775837,Έφαεν τα σίδερα
4269,Αξία σου λιβόρι κι απάν' έναν κοβόρι,"Πόντος, Οινόη",http://hdl.handle.net/20.500.11853/191045,"Βαμβακίδης, Ι.",Πόντος,40.0850088,23.9775837,Αξία σου λιβόρι κι απάν' έναν κοβόρι
77517,Ακόμαν η φάσσα κι ώβασεν κι η κίσσα παρεκάτσεν,"Πόντος, Χαλδία",http://hdl.handle.net/20.500.11853/153565,"Μελανοφρύδης, Παντελεήμον Η.",Πόντος,40.0850088,23.9775837,Ακόμαν η φάσσα κι ώβασεν κι η κίσσα παρεκάτσεν
95653,Ο ξένον πάντα ξένος εν' κ' η γειτονία ξένον,"Πόντος, Τραπεζούντα",http://hdl.handle.net/20.500.11853/199716,"Παπαδόπουλος, Άνθιμος Α.",Πόντος,40.0850088,23.9775837,Ο ξένον πάντα ξένος εὶναι κ' η γειτονία ξένον
96055,"Τα γράμματα φαντάγματα, υιέ μ', τη λύραν παίξον","Πόντος, Χαλδία",http://hdl.handle.net/20.500.11853/184690,"Παπαδόπουλος, Άνθιμος Α.",Πόντος,40.0850088,23.9775837,"Τα γράμματα φαντάγματα, υιέ μ', τη λύραν παίξον"
3496,"Κάλ ημέρα Γιάνν, εγδίν πελεκώ, η συντέκσα μ ντ' εφτειάγει; Εφτά κότια βάλλει",Πόντος,http://hdl.handle.net/20.500.11853/166859,"Βαλαβάνης, Ι.",Πόντος,40.0850088,23.9775837,"Κάλ ημέρα Γιάνν, εγδίν πελεκώ, η συντέκσα μ ντ' εφτειάγει; Εφτά κότια βάλλει"
95501,Νοικοκύρτς απραεμένος δεξόν χέρ΄ τση μαχαλάς,Πόντος,http://hdl.handle.net/20.500.11853/184704,"Παπαδόπουλος, Άνθιμος Α.",Πόντος,40.0850088,23.9775837,Νοικοκύρτς απραεμένος δεξόν χέρ΄ τση μαχαλάς
77736,Νια μέλ΄ κάμν΄ νιά κερίν,"Πόντος, Χαλδία",http://hdl.handle.net/20.500.11853/280131,"Μελανοφρύδης, Παντελεήμον Η.",Πόντος,40.0850088,23.9775837,Νια μέλ΄ κάμν΄ νιά κερίν
94984,Εδάσεν ατα αφκάτ' ατ,Πόντος,http://hdl.handle.net/20.500.11853/184453,"Παπαδόπουλος, Άνθιμος Α.",Πόντος,40.0850088,23.9775837,Εδάσεν ατα αφκάτ' ατ
97286,Ήμπεαν γάμος κ' εκεί παράνυφος,Πόντος,http://hdl.handle.net/20.500.11853/156645,"Παπανανιάδης, Ελευθέριος",Πόντος,40.0850088,23.9775837,Ήμπεαν γάμος κ' εκεί παράνυφος
78050,Κα θα έναν αιγίδ ας σο πατσάγ κρεμάν ατό,"Πόντος, Χαλδία",http://hdl.handle.net/20.500.11853/273320,"Μελίδης, Θεόδωρος",Πόντος,40.0850088,23.9775837,Κα θα έναν αιγίδ ας σο πατσάγ κρεμάν ατό
3006,Άλλος φτειάνει κι' άλλος ευρήκει,Πόντος,http://hdl.handle.net/20.500.11853/141131,"Βαλαβάνης, Ι.",Πόντος,40.0850088,23.9775837,Άλλος φτειάνει κι' άλλος ευρήκει
77867,Στη γούλανατ ερρούξεν,"Πόντος, Χαλδία",http://hdl.handle.net/20.500.11853/291246,"Μελανοφρύδης, Παντελεήμον Η.",Πόντος,40.0850088,23.9775837,Στη γούλανατ ερρούξεν
3803,Όσον κι αν ρίγουμαι κοράλλιν γίνουμαι,Πόντος,http://hdl.handle.net/20.500.11853/271309,"Βαλαβάνης, Ι.",Πόντος,40.0850088,23.9775837,Όσον κι αν ρίγουμαι κοράλλιν γίνουμαι
96179,Το γλυκόν η γλώσσα εβγάλλει τ' οφίδιν ας σο τρυπίν,"Πόντος, Κερασούντα",http://hdl.handle.net/20.500.11853/184749,"Παπαδόπουλος, Άνθιμος Α.",Πόντος,40.0850088,23.9775837,Το γλυκόν η γλώσσα εβγάλλει τ' οφίδιν ας σο τρυπίν
95842,Περσιζ' να αχύρα οφέτος εβορρίζ',"Πόντος, Χαλδία",http://hdl.handle.net/20.500.11853/244117,"Παπαδόπουλος, Άνθιμος Α.",Πόντος,40.0850088,23.9775837,Περσιζ' να αχύρα οφέτος εβορρίζ'
4204,Χαλκά ευκαιρώνει,Πόντος,http://hdl.handle.net/20.500.11853/161270,"Βαλαβάνης, Ι.",Πόντος,40.0850088,23.9775837,Χαλκά ευκαιρώνει
3265,Έχω και παρέχω,Πόντος,http://hdl.handle.net/20.500.11853/166893,"Βαλαβάνης, Ι.",Πόντος,40.0850088,23.9775837,Έχω και παρέχω
95912,Σ σ' όνειρον ατ' πα 'κ' είδεν άτο,"Πόντος, Τραπεζούντα",http://hdl.handle.net/20.500.11853/199740,"Παπαδόπουλος, Άνθιμος Α.",Πόντος,40.0850088,23.9775837,Σ σ' όνειρον ατ' πα 'κ' είδεν άτο
3278,Εγόμωναν τ' ωτίον τ',Πόντος,http://hdl.handle.net/20.500.11853/141241,"Βαλαβάνης, Ι.",Πόντος,40.0850088,23.9775837,Εγόμωναν τ' ωτίον τ'
3759,Ο τσίνων εμάθισεν τημ παλαβόρταν,Πόντος,http://hdl.handle.net/20.500.11853/264025,"Βαλαβάνης, Ι.",Πόντος,40.0850088,23.9775837,Ο τσίνων εμάθισεν τημ παλαβόρταν
94723,Ας σην τάβλαν άλογον κι ας σον χορόν κορίτσ' μη παίρτς',"Πόντος, Σάντα",http://hdl.handle.net/20.500.11853/184352,"Παπαδόπουλος, Άνθιμος Α.",Πόντος,40.0850088,23.9775837,Ας σην τάβλαν άλογον κι ας σον χορόν κορίτσ' μη παίρτς'
18611,Γαμπρός υιός κι γίνεται και νύφε θυγατέρα,"Πόντος, Αργυρούπολη",http://hdl.handle.net/20.500.11853/176913,"Ζουντούρης, Γ.",Πόντος,40.0850088,23.9775837,Γαμπρός υιός κι γίνεται και νύφε θυγατέρα
3475,Θέλει και τ' ελαίας τ' έξου και τ' οβγού ταπέσ,Πόντος,http://hdl.handle.net/20.500.11853/166771,"Βαλαβάνης, Ι.",Πόντος,40.0850088,23.9775837,Θέλει και τ' ελαίας τ' έξου και τ' οβγού ταπέσ
95952,Σ' έναν κολτούκ δυό καρπούζα 'κι κρατείουνταν,"Πόντος, Χαλδία",http://hdl.handle.net/20.500.11853/184026,"Παπαδόπουλος, Άνθιμος Α.",Πόντος,40.0850088,23.9775837,Σ' έναν κολτούκ δυό καρπούζα 'κι κρατείουνταν
95846,Πή ΄κ έχ΄ αναλλάζ΄,"Πόντος, Χαλδία",http://hdl.handle.net/20.500.11853/184605,"Παπαδόπουλος, Άνθιμος Α.",Πόντος,40.0850088,23.9775837,Πή ΄κ έχ΄ αναλλάζ΄
77874,Τ' άρια όλα επούλησα και τα ναμούσια 'δώκα,"Πόντος, Χαλδία",http://hdl.handle.net/20.500.11853/286488,"Μελανοφρύδης, Παντελεήμον Η.",Πόντος,40.0850088,23.9775837,Τ' άρια όλα επούλησα και τα ναμούσια 'δώκα
78079,Ρύομαι ρύεται και ξαν σακκοράμ γίνεται,"Πόντος, Χαλδία",http://hdl.handle.net/20.500.11853/291140,"Μελίδης, Θεόδωρος",Πόντος,40.0850088,23.9775837,Ρύομαι ρύεται και ξαν σακκοράμ γίνεται
77926,"Την έμορφον π' εγάπεσεν, την φούρκαν κ' εφογέθεν","Πόντος, Χαλδία",http://hdl.handle.net/20.500.11853/206837,"Μελανοφρύδης, Παντελεήμον Η.",Πόντος,40.0850088,23.9775837,"Την έμορφον π' εγάπεσεν, την φούρκαν κ' εφογέθεν"
77811,"Ούλ ουντάν στέκνε, εγώ η σουμαδεμέντσα πα νιό στέκω;","Πόντος, Χαλδία",http://hdl.handle.net/20.500.11853/289585,"Μελανοφρύδης, Παντελεήμον Η.",Πόντος,40.0850088,23.9775837,"Ούλ ουντάν στέκνε, εγώ η σουμαδεμέντσα πα νιό στέκω;"
94626,Αναθυμεθή και μη κατασυρμονή,"Πόντος, Χαλδία",http://hdl.handle.net/20.500.11853/199666,"Παπαδόπουλος, Άνθιμος Α.",Πόντος,40.0850088,23.9775837,Αναθυμεθή και μη κατασυρμονή
94993,Εέντον ράμμαν και βελόν',"Πόντος, Χαλδία",http://hdl.handle.net/20.500.11853/244040,"Παπαδόπουλος, Άνθιμος Α.",Πόντος,40.0850088,23.9775837,Εέντον ράμμαν και βελόν'
78027,Δός ατον σιρβάν χουλιάρ κ έσ τρώγν ατον αγούρ,"Πόντος, Χαλδία",http://hdl.handle.net/20.500.11853/165523,"Μελίδης, Θεόδωρος",Πόντος,40.0850088,23.9775837,Δός ατον σιρβάν χουλιάρ κ έσ τρώγν ατον αγούρ
99612,Απάν σσ' αχάντεα κάθεται,Πόντος,http://hdl.handle.net/20.500.11853/191494,"Παρχαρίδης, Ι. Α.",Πόντος,40.0850088,23.9775837,Απάν σσ' αχάντεα κάθεται
90535,Εσύ είσαι το χοντρόν της κοσσάρας τ' ωβόν,"Πόντος, Κοτύωρα",http://hdl.handle.net/20.500.11853/196140,"Ξενίτας, Ξένου",Πόντος,40.0850088,23.9775837,Εσύ είσαι το χοντρόν της κοσσάρας τ' ωβόν
99619,"Βαρέα μη λεγνύτντ'ς, τσακούνταν τα μέσα σ'","Πόντος, Τραπεζούντα",http://hdl.handle.net/20.500.11853/232164,"Παρχαρίδης, Ι. Α.",Πόντος,40.0850088,23.9775837,"Βαρέα μη λεγνύτντ'ς, τσακούνταν τα μέσα σ'"
95073,Επούσωσε τα κατζία,"Πόντος, Κοτύωρα",http://hdl.handle.net/20.500.11853/199693,"Παπαδόπουλος, Άνθιμος Α.",Πόντος,40.0850088,23.9775837,Επούσωσε τα κατζία
94481,Άε Βαρβάρα χόνιξον κι Άε Νικόλα φούρκ'σον και τ' Άε Σάββα την βραδήν τρανόν φουρτούναν ποίσον,Πόντος,http://hdl.handle.net/20.500.11853/184218,"Παπαδόπουλος, Άνθιμος Α.",Πόντος,40.0850088,23.9775837,Άε Βαρβάρα χόνιξον κι Άε Νικόλα φούρκ'σον και τ' Άε Σάββα την βραδήν τρανόν φουρτούναν ποίσον
3357,Ερούξεν το ζινίσν αυτ,Πόντος,http://hdl.handle.net/20.500.11853/164613,"Βαλαβάνης, Ι.",Πόντος,40.0850088,23.9775837,Ερούξεν το ζινίσν αυτ
4151,Το τσιβαλ τουζ κι αν ρίεται βολόνιν κατασταίνει,Πόντος,http://hdl.handle.net/20.500.11853/203352,"Βαλαβάνης, Ι.",Πόντος,40.0850088,23.9775837,Το τσιβαλ τουζ κι αν ρίεται βολόνιν κατασταίνει
77988,Τον Χριστόν πα με τον νουν εύραν,"Πόντος, Χαλδία",http://hdl.handle.net/20.500.11853/286487,"Μελανοφρύδης, Παντελεήμον Η.",Πόντος,40.0850088,23.9775837,Τον Χριστόν πα με τον νουν εύραν
95326,Κατζίν 'κ' έχ',"Πόντος, Χαλδία",http://hdl.handle.net/20.500.11853/199634,"Παπαδόπουλος, Άνθιμος Α.",Πόντος,40.0850088,23.9775837,Κατζίν 'κ' έχ'
96023,Τ' αψύν τ' οξίδιν το σκεύος άχτε χαλάνει,"Πόντος, Κερασούντα",http://hdl.handle.net/20.500.11853/184699,"Παπαδόπουλος, Άνθιμος Α.",Πόντος,40.0850088,23.9775837,Τ' αψύν τ' οξίδιν το σκεύος άχτε χαλάνει
4298,Εδίβαμ΄ ως το Βήρι κι είπανε μας γύρει,"Πόντος, Οινόη",http://hdl.handle.net/20.500.11853/191076,"Βαμβακίδης, Ι.",Πόντος,40.0850088,23.9775837,Εδίβαμ΄ ως το Βήρι κι είπανε μας γύρει
97317,Πάσομ με κι αν κι ομοιάζω σε φτυσόμ μου,Πόντος,http://hdl.handle.net/20.500.11853/290586,"Παπανανιάδης, Ελευθέριος",Πόντος,40.0850088,23.9775837,Πάσομ με κι αν κι ομοιάζω σε φτυσόμ μου
3779,Όποιος γυρεύει τα μεγάλα χάνει και τα μικρά,Πόντος,http://hdl.handle.net/20.500.11853/161289,"Βαλαβάνης, Ι.",Πόντος,40.0850088,23.9775837,Όποιος γυρεύει τα μεγάλα χάνει και τα μικρά
3638,Μυμίας αβλαγεύει. Μυίας θηρά,Πόντος,http://hdl.handle.net/20.500.11853/283718,"Βαλαβάνης, Ι.",Πόντος,40.0850088,23.9775837,Μυμίας αβλαγεύει. Μυίας θηρά
3480,Θεού ού κονομίαν έτον,Πόντος,http://hdl.handle.net/20.500.11853/161283,"Βαλαβάνης, Ι.",Πόντος,40.0850088,23.9775837,Θεού ού κονομίαν έτον
77760,Ο κακόν ο γειτονάς εφτάγι τον γείτοναν ατ' με το χατζιάτ,"Πόντος, Χαλδία",http://hdl.handle.net/20.500.11853/173167,"Μελανοφρύδης, Παντελεήμον Η.",Πόντος,40.0850088,23.9775837,Ο κακόν ο γειτονάς εφτάγι τον γείτοναν ατ' με το χατζιάτ
95262,Ίσαμε του Μάη την φωτία 'κε θέλειν τον,"Πόντος, Ινέπολη",http://hdl.handle.net/20.500.11853/243977,"Παπαδόπουλος, Άνθιμος Α.",Πόντος,40.0850088,23.9775837,Ίσαμε του Μάη την φωτία 'κε θέλειν τον
77992,Τσατσία και κλαδία πιάν',"Πόντος, Χαλδία",http://hdl.handle.net/20.500.11853/206842,"Μελανοφρύδης, Παντελεήμον Η.",Πόντος,40.0850088,23.9775837,Τσατσία και κλαδία πιάν'
94934,Έρθαν τ΄όρνα ας σα ραχία κ΄εξέγκαν τα βούδα ας σα μαντρία,"Πόντος, Χαλδία",http://hdl.handle.net/20.500.11853/184034,"Παπαδόπουλος, Άνθιμος Α.",Πόντος,40.0850088,23.9775837,Έρθαν τ΄όρνα ας σα ραχία κ΄εξέγκαν τα βούδα ας σα μαντρία
77514,Αϊλοί ποι τρώγι κόρ δαβρέαν και κοτσού λάχταν,"Πόντος, Χαλδία",http://hdl.handle.net/20.500.11853/272165,"Μελανοφρύδης, Παντελεήμον Η.",Πόντος,40.0850088,23.9775837,Αϊλοί ποι τρώγι κόρ δαβρέαν και κοτσού λάχταν
94588,Ακόμαν κ' επέθανα κ' έψαν τα κερία μ',"Πόντος, Χαλδία",http://hdl.handle.net/20.500.11853/184231,"Παπαδόπουλος, Άνθιμος Α.",Πόντος,40.0850088,23.9775837,Ακόμαν κ' επέθανα κ' έψαν τα κερία μ'
99696,Ας σην οκνίαν ατ' τον γάϊδαρον 'τάϊ κουγίζ',"Πόντος, Κοτύωρα",http://hdl.handle.net/20.500.11853/289316,"Παστιάδης, Θεμιστοκλής Ν.",Πόντος,40.0850088,23.9775837,Ας σην οκνίαν ατ' τον γάϊδαρον 'τάϊ κουγίζ'
4082,Το αίμαν με το αίμαν κι πλύσκεται με το νερόν πλύσκεται,Πόντος,http://hdl.handle.net/20.500.11853/141072,"Βαλαβάνης, Ι.",Πόντος,40.0850088,23.9775837,Το αίμαν με το αίμαν κι πλύσκεται με το νερόν πλύσκεται
95667,Ο πετεινόν 'ς σην αυλήν ατ' κουγίζει,"Πόντος, Κερασούντα",http://hdl.handle.net/20.500.11853/184571,"Παπαδόπουλος, Άνθιμος Α.",Πόντος,40.0850088,23.9775837,Ο πετεινόν 'ς σην αυλήν ατ' κουγίζει
94944,Έστραψαν τα πέταλα 'τ',"Πόντος, Κοτύωρα",http://hdl.handle.net/20.500.11853/243953,"Παπαδόπουλος, Άνθιμος Α.",Πόντος,40.0850088,23.9775837,Έστραψαν τα πέταλα 'τ'
3941,Σ΄ σ αποσεσμένα τα λάχανα εγύριξεν,Πόντος,http://hdl.handle.net/20.500.11853/163824,"Βαλαβάνης, Ι.",Πόντος,40.0850088,23.9775837,Σ΄ σ αποσεσμένα τα λάχανα εγύριξεν
94719,Ας σην οκνίαν ατ' το πολλά τον γάϊδαρο 'ταϊ΄ κουίζ',"Πόντος, Κοτύωρα",http://hdl.handle.net/20.500.11853/217140,"Παπαδόπουλος, Άνθιμος Α.",Πόντος,40.0850088,23.9775837,Ας σην οκνίαν ατ' το πολλά τον γάϊδαρο 'ταϊ΄ κουίζ'
3853,Παχύν κατσίν έσει,Πόντος,http://hdl.handle.net/20.500.11853/203346,"Βαλαβάνης, Ι.",Πόντος,40.0850088,23.9775837,Παχύν κατσίν έσει
96216,Το κατζίν ατ' εφτά γάτα εν',"Πόντος, Χαλδία",http://hdl.handle.net/20.500.11853/199769,"Παπαδόπουλος, Άνθιμος Α.",Πόντος,40.0850088,23.9775837,Το κατζίν ατ' εφτά γάτα εὶναι
94480,Άδικος βρισέα 'ς σον νοικοκύρη της,"Πόντος, Ινέπολη",http://hdl.handle.net/20.500.11853/184222,"Παπαδόπουλος, Άνθιμος Α.",Πόντος,40.0850088,23.9775837,Άδικος βρισέα 'ς σον νοικοκύρη της
96117,Τη καμελί' ποίον εν σωστόν και θα εν και τ' ουράδ'ν αθε;,"Πόντος, Χαλδία",http://hdl.handle.net/20.500.11853/199808,"Παπαδόπουλος, Άνθιμος Α.",Πόντος,40.0850088,23.9775837,Τη καμελί' ποίον εὶναι σωστόν και θα εὶναι και τ' ουράδ'ν αθε;
95449,"Μεγάλον ένναν του σπανού, αν κ' ευρεθή το χτέν' ν ατ'","Πόντος, Τραπεζούντα",http://hdl.handle.net/20.500.11853/184175,"Παπαδόπουλος, Άνθιμος Α.",Πόντος,40.0850088,23.9775837,"Μεγάλον ένναν του σπανού, αν κ' ευρεθή το χτέν' ν ατ'"
3440,Η μάννα εν αγέννετος και μίαν γεννισκάται,Πόντος,http://hdl.handle.net/20.500.11853/203392,"Βαλαβάνης, Ι.",Πόντος,40.0850088,23.9775837,Η μάννα εὶναι αγέννετος και μίαν γεννισκάται
77613,Εγώ κρέας αν κ' έφαγα σο βούδ απάν είδ ατό,"Πόντος, Χαλδία",http://hdl.handle.net/20.500.11853/273926,"Μελανοφρύδης, Παντελεήμον Η.",Πόντος,40.0850088,23.9775837,Εγώ κρέας αν κ' έφαγα σο βούδ απάν είδ ατό
95697,Όθεν γάμος κι ατός παρανύφ'σσα,"Πόντος, Χαλδία",http://hdl.handle.net/20.500.11853/184840,"Παπαδόπουλος, Άνθιμος Α.",Πόντος,40.0850088,23.9775837,Όθεν γάμος κι ατός παρανύφ'σσα
77590,Έκλασεν η κάτα σην θάλασσαν κ' εποίκεν μερτικόν,"Πόντος, Χαλδία",http://hdl.handle.net/20.500.11853/282132,"Μελανοφρύδης, Παντελεήμον Η.",Πόντος,40.0850088,23.9775837,Έκλασεν η κάτα σην θάλασσαν κ' εποίκεν μερτικόν
95346,Κούντουρον ο κούτσουρον και ο πασσαλοκάφτες,"Πόντος, Χαλδία",http://hdl.handle.net/20.500.11853/217039,"Παπαδόπουλος, Άνθιμος Α.",Πόντος,40.0850088,23.9775837,Κούντουρον ο κούτσουρον και ο πασσαλοκάφτες
3369,Εσύ πας ολίγου σείου (σαλεύου),Πόντος,http://hdl.handle.net/20.500.11853/263953,"Βαλαβάνης, Ι.",Πόντος,40.0850088,23.9775837,Εσύ πας ολίγου σείου (σαλεύου)
4050,Τη μέσης τ' άλεγον,Πόντος,http://hdl.handle.net/20.500.11853/281016,"Βαλαβάνης, Ι.",Πόντος,40.0850088,23.9775837,Τη μέσης τ' άλεγον
77794,Όθεν κι σπέρ΄ θερίζ΄,"Πόντος, Χαλδία",http://hdl.handle.net/20.500.11853/173093,"Μελανοφρύδης, Παντελεήμον Η.",Πόντος,40.0850088,23.9775837,Όθεν κι σπέρ΄ θερίζ΄
95834,Πέντε πάει,"Πόντος, Κοτύωρα",http://hdl.handle.net/20.500.11853/244116,"Παπαδόπουλος, Άνθιμος Α.",Πόντος,40.0850088,23.9775837,Πέντε πάει
4339,Κολαρίστικος κι εξηνταπαραδίστικος,"Πόντος, Οινόη",http://hdl.handle.net/20.500.11853/210727,"Βαμβακίδης, Ι.",Πόντος,40.0850088,23.9775837,Κολαρίστικος κι εξηνταπαραδίστικος
96137,Την κάταν είπαν άτεν το σκατό 'δατρικόν εν κ' εκείνε εκλώστεν ετσίλίαξεν άτο,"Πόντος, Σάντα",http://hdl.handle.net/20.500.11853/184731,"Παπαδόπουλος, Άνθιμος Α.",Πόντος,40.0850088,23.9775837,Την κάταν είπαν άτεν το σκατό 'δατρικόν εὶναι κ' εκείνε εκλώστεν ετσίλίαξεν άτο
94521,Άμον τη Βόνας το μυτίν,"Πόντος, Κερασούντα",http://hdl.handle.net/20.500.11853/184773,"Παπαδόπουλος, Άνθιμος Α.",Πόντος,40.0850088,23.9775837,Άμον τη Βόνας το μυτίν
3702,Ο κλέφτης εφάνθεν,Πόντος,http://hdl.handle.net/20.500.11853/201740,"Βαλαβάνης, Ι.",Πόντος,40.0850088,23.9775837,Ο κλέφτης εφάνθεν
4029,Τα πρώτα εδήβαμε,Πόντος,http://hdl.handle.net/20.500.11853/264098,"Βαλαβάνης, Ι.",Πόντος,40.0850088,23.9775837,Τα πρώτα εδήβαμε
95174,Η κεκέσσα η πεθερά εβγάλλ' τη νύφιν 'ς σο πρόσωπον,"Πόντος, Κερασούντα",http://hdl.handle.net/20.500.11853/243965,"Παπαδόπουλος, Άνθιμος Α.",Πόντος,40.0850088,23.9775837,Η κεκέσσα η πεθερά εβγάλλ' τη νύφιν 'ς σο πρόσωπον
3993,Τ' ελειγούρας το παλληκάριν,Πόντος,http://hdl.handle.net/20.500.11853/264036,"Βαλαβάνης, Ι.",Πόντος,40.0850088,23.9775837,Τ' ελειγούρας το παλληκάριν
94988,Εδώ σε θέλω,Πόντος,http://hdl.handle.net/20.500.11853/184902,"Παπαδόπουλος, Άνθιμος Α.",Πόντος,40.0850088,23.9775837,Εδώ σε θέλω
94559,Άφ τά σήμερα ίσαμ' αύρι βασιλέας αλλάει,"Πόντος, Ινέπολη",http://hdl.handle.net/20.500.11853/184385,"Παπαδόπουλος, Άνθιμος Α.",Πόντος,40.0850088,23.9775837,Άφ τά σήμερα ίσαμ' αύρι βασιλέας αλλάει
95104,Εύρεν τον κάμπον εύκαιρον,"Πόντος, Χαλδία",http://hdl.handle.net/20.500.11853/184054,"Παπαδόπουλος, Άνθιμος Α.",Πόντος,40.0850088,23.9775837,Εύρεν τον κάμπον εύκαιρον
95569,Ο Θεόν τηνάν αγαπά παιδεύ!,"Πόντος, Τραπεζούντα",http://hdl.handle.net/20.500.11853/184521,"Παπαδόπουλος, Άνθιμος Α.",Πόντος,40.0850088,23.9775837,Ο Θεόν τηνάν αγαπά παιδεύ!
95214,Η τυχερή η μάννα το πρωτικάρι της κορίτσι το φκειάει,"Πόντος, Ινέπολη",http://hdl.handle.net/20.500.11853/216992,"Παπαδόπουλος, Άνθιμος Α.",Πόντος,40.0850088,23.9775837,Η τυχερή η μάννα το πρωτικάρι της κορίτσι το φκειάει
4169,Τολ λύκον ετριβαγγέλψαν κ' εκείνος έλεεν πόπα τ απρά(γ)ματα σ' εμέρ είναι,Πόντος,http://hdl.handle.net/20.500.11853/277348,"Βαλαβάνης, Ι.",Πόντος,40.0850088,23.9775837,Τολ λύκον ετριβαγγέλψαν κ' εκείνος έλεεν πόπα τ απρά(γ)ματα σ' εμέρ είναι
77767,"Ο κόρτς αγοράζ' ψωμίν, π' έχ ομμάτ' αγοράζ' αλεύρια, και π' έχ' δύο ομμάτια αγοράζ' κοκκία","Πόντος, Χαλδία",http://hdl.handle.net/20.500.11853/153612,"Μελανοφρύδης, Παντελεήμον Η.",Πόντος,40.0850088,23.9775837,"Ο κόρτς αγοράζ' ψωμίν, π' έχ ομμάτ' αγοράζ' αλεύρια, και π' έχ' δύο ομμάτια αγοράζ' κοκκία"
95718,Όλα τ΄ όρνα ΄ς ση μονήν κι ο χόχορον ΄ς σην βοσκήν,"Πόντος, Σάντα",http://hdl.handle.net/20.500.11853/217265,"Παπαδόπουλος, Άνθιμος Α.",Πόντος,40.0850088,23.9775837,Όλα τ΄ όρνα ΄ς ση μονήν κι ο χόχορον ΄ς σην βοσκήν
3822,Οκνηρός και ακαμάτης σινοπότης και φαγάς άλλο δεν μπορεί να γένη παρά διάκος και παπάς,Πόντος,http://hdl.handle.net/20.500.11853/263898,"Βαλαβάνης, Ι.",Πόντος,40.0850088,23.9775837,Οκνηρός και ακαμάτης σινοπότης και φαγάς άλλο δεν μπορεί να γένη παρά διάκος και παπάς
3129,Ας σήμ πείναν εμαγκρανιασα,Πόντος,http://hdl.handle.net/20.500.11853/264070,"Βαλαβάνης, Ι.",Πόντος,40.0850088,23.9775837,Ας σήμ πείναν εμαγκρανιασα
94516,Άμον ντο τρώει ο γάιδαρον τ' αχάντα,"Πόντος, Τραπεζούντα",http://hdl.handle.net/20.500.11853/184264,"Παπαδόπουλος, Άνθιμος Α.",Πόντος,40.0850088,23.9775837,Άμον τι τρώει ο γάιδαρον τ' αχάντα
94757,Ατά είναι κομπώματα καρδιάς πλεροφορέματα,"Πόντος, Κερασούντα",http://hdl.handle.net/20.500.11853/217150,"Παπαδόπουλος, Άνθιμος Α.",Πόντος,40.0850088,23.9775837,Ατά είναι κομπώματα καρδιάς πλεροφορέματα
95180,Η κορ' όσον το κάθεται η τύχ' ατ'ς ανηβαίνει,"Πόντος, Χαλδία",http://hdl.handle.net/20.500.11853/216965,"Παπαδόπουλος, Άνθιμος Α.",Πόντος,40.0850088,23.9775837,Η κορ' όσον το κάθεται η τύχ' ατ'ς ανηβαίνει
95200,"Η μαυροπούλα ΄ς σην Άσρπη Θάλασσαν πα αν πάη, μαύρα ωβά ωβάζ","Πόντος, Χαλδία",http://hdl.handle.net/20.500.11853/216980,"Παπαδόπουλος, Άνθιμος Α.",Πόντος,40.0850088,23.9775837,"Η μαυροπούλα ΄ς σην Άσρπη Θάλασσαν πα αν πάη, μαύρα ωβά ωβάζ"
77649,"Εφταπόδαρος αν γίνεται, μισιμίλτς κι γίνεται","Πόντος, Χαλδία",http://hdl.handle.net/20.500.11853/173144,"Μελανοφρύδης, Παντελεήμον Η.",Πόντος,40.0850088,23.9775837,"Εφταπόδαρος αν γίνεται, μισιμίλτς κι γίνεται"
96110,Τη Γλυκή τα πεγάδα,"Πόντος, Κοτύωρα",http://hdl.handle.net/20.500.11853/244000,"Παπαδόπουλος, Άνθιμος Α.",Πόντος,40.0850088,23.9775837,Τη Γλυκή τα πεγάδα
77776,Ο λύκον ασά μετρεμένα κι τρώγι,"Πόντος, Χαλδία",http://hdl.handle.net/20.500.11853/282137,"Μελανοφρύδης, Παντελεήμον Η.",Πόντος,40.0850088,23.9775837,Ο λύκον ασά μετρεμένα κι τρώγι
3297,Είδα όνειρον: (Ν)αηλί ποι κ έσ,Πόντος,http://hdl.handle.net/20.500.11853/166761,"Βαλαβάνης, Ι.",Πόντος,40.0850088,23.9775837,Είδα όνειρον: (Ν)αηλί ποι κ έσ
77893,Τα γράμματα φαντάγματα υιέ μ' την λύραν παίξον,"Πόντος, Χαλδία",http://hdl.handle.net/20.500.11853/173203,"Μελανοφρύδης, Παντελεήμον Η.",Πόντος,40.0850088,23.9775837,Τα γράμματα φαντάγματα υιέ μ' την λύραν παίξον
77611,"Εγώ ας λέγω Μαρία, κ' η Μαρία χα μη λέγι","Πόντος, Χαλδία",http://hdl.handle.net/20.500.11853/173121,"Μελανοφρύδης, Παντελεήμον Η.",Πόντος,40.0850088,23.9775837,"Εγώ ας λέγω Μαρία, κ' η Μαρία χα μη λέγι"
4285,Δύο γυμνοί σο χαμάμιν ταιριάζουνε,"Πόντος, Οινόη",http://hdl.handle.net/20.500.11853/191059,"Βαμβακίδης, Ι.",Πόντος,40.0850088,23.9775837,Δύο γυμνοί σο χαμάμιν ταιριάζουνε
95353,"Κρίμαν 'ς  σο πρώτον την φιλιάν, 'ς σο πρώτον την αγάπην","Πόντος, Χαλδία",http://hdl.handle.net/20.500.11853/184161,"Παπαδόπουλος, Άνθιμος Α.",Πόντος,40.0850088,23.9775837,"Κρίμαν 'ς  σο πρώτον την φιλιάν, 'ς σο πρώτον την αγάπην"
3793,Όπου και αν πάη μαύρα ωβγά ωβγάζει,Πόντος,http://hdl.handle.net/20.500.11853/279557,"Βαλαβάνης, Ι.",Πόντος,40.0850088,23.9775837,Όπου και αν πάη μαύρα ωβγά ωβγάζει
96316,"Τον κολυμπετήν 'ςσσην έμπαν απ' κι τερούν άτον, 'ςσην έβγαν ατ' τερούν άτον",Πόντος,http://hdl.handle.net/20.500.11853/199836,"Παπαδόπουλος, Άνθιμος Α.",Πόντος,40.0850088,23.9775837,"Τον κολυμπετήν 'ςσσην έμπαν απ' κι τερούν άτον, 'ςσην έβγαν ατ' τερούν άτον"
3022,Άμον ντ εγόρασα πουλώ σ' άτο,Πόντος,http://hdl.handle.net/20.500.11853/141093,"Βαλαβάνης, Ι.",Πόντος,40.0850088,23.9775837,Άμον ντ εγόρασα πουλώ σ' άτο
96126,Τη σκύλλ' το δίκαιον πα δίκαιον εν',"Πόντος, Χαλδία",http://hdl.handle.net/20.500.11853/184736,"Παπαδόπουλος, Άνθιμος Α.",Πόντος,40.0850088,23.9775837,Τη σκύλλ' το δίκαιον πα δίκαιον εὶναι
95724,"Όλοι τη μάννα μου ρωτουν, το κόρη μου κανείς 'κε (δεν) ρωτάν τον","Πόντος, Ινέπολη",http://hdl.handle.net/20.500.11853/244067,"Παπαδόπουλος, Άνθιμος Α.",Πόντος,40.0850088,23.9775837,"Όλοι τη μάννα μου ρωτουν, το κόρη μου κανείς 'κε (δεν) ρωτάν τον"
95801,Ούτε να είχαν ούτε εύραν,"Πόντος, Σάντα",http://hdl.handle.net/20.500.11853/217292,"Παπαδόπουλος, Άνθιμος Α.",Πόντος,40.0850088,23.9775837,Ούτε να είχαν ούτε εύραν
95360,Κρούω και παίρω,"Πόντος, Κοτύωρα",http://hdl.handle.net/20.500.11853/217040,"Παπαδόπουλος, Άνθιμος Α.",Πόντος,40.0850088,23.9775837,Κρούω και παίρω
95605,Ο Κλέφτες τον κλέφτεν εμέφτεν,"Πόντος, Χαλδία",http://hdl.handle.net/20.500.11853/199705,"Παπαδόπουλος, Άνθιμος Α.",Πόντος,40.0850088,23.9775837,Ο Κλέφτες τον κλέφτεν εμέφτεν
94734,Ας σο στόμα σ' και ς ση Θεού τ' ωτίν,"Πόντος, Χαλδία",http://hdl.handle.net/20.500.11853/184375,"Παπαδόπουλος, Άνθιμος Α.",Πόντος,40.0850088,23.9775837,Ας σο στόμα σ' και ς ση Θεού τ' ωτίν
96056,"Τα γράμματα φαντάματα, υιέ μ', τη λύρα παίξον","Πόντος, Κερασούντα",http://hdl.handle.net/20.500.11853/184686,"Παπαδόπουλος, Άνθιμος Α.",Πόντος,40.0850088,23.9775837,"Τα γράμματα φαντάματα, υιέ μ', τη λύρα παίξον"
94527,Άνεμος 'ς σο σπαθί σ',"Πόντος, Κερασούντα",http://hdl.handle.net/20.500.11853/244010,"Παπαδόπουλος, Άνθιμος Α.",Πόντος,40.0850088,23.9775837,Άνεμος 'ς σο σπαθί σ'
3358,Ερρούξες άτον 'ς σου λύκου το στόμαν,Πόντος,http://hdl.handle.net/20.500.11853/277230,"Βαλαβάνης, Ι.",Πόντος,40.0850088,23.9775837,Ερρούξες άτον 'ς σου λύκου το στόμαν
97326,Τ' εκεινόν το κεφάλ να δεν κ' εξέρ και πάει η σογ γάμον να δεν τσι νύφες,Πόντος,http://hdl.handle.net/20.500.11853/165850,"Παπανανιάδης, Ελευθέριος",Πόντος,40.0850088,23.9775837,Τ' εκεινόν το κεφάλ να δεν κ' εξέρ και πάει η σογ γάμον να δεν τσι νύφες
95552,"Ο ήλεν είνας έν', άμα όλεν τον κόσμον κανείται","Πόντος, Σάντα",http://hdl.handle.net/20.500.11853/184838,"Παπαδόπουλος, Άνθιμος Α.",Πόντος,40.0850088,23.9775837,"Ο ήλεν είνας έν', άμα όλεν τον κόσμον κανείται"
3811,"Ότι γυρεύινάμε 'ς τον ουρανό, αδω 'ς την νηγή ηύραμε το παιδί","Πόντος, Αμισός",http://hdl.handle.net/20.500.11853/164883,"Βαλαβάνης, Ι.",Πόντος,40.0850088,23.9775837,"Ότι γυρεύινάμε 'ς τον ουρανό, αδω 'ς την νηγή ηύραμε το παιδί"
96259,Το παλαϊον το βουδ' εβγάλλ' τ' αυλάκ',"Πόντος, Τραπεζούντα",http://hdl.handle.net/20.500.11853/244014,"Παπαδόπουλος, Άνθιμος Α.",Πόντος,40.0850088,23.9775837,Το παλαϊον το βουδ' εβγάλλ' τ' αυλάκ'
3322,Ελίβωσεν τ' ωτία,Πόντος,http://hdl.handle.net/20.500.11853/141064,"Βαλαβάνης, Ι.",Πόντος,40.0850088,23.9775837,Ελίβωσεν τ' ωτία
3406,Η γραία τογ Καλαντάρην σύκα εγύρευεν,Πόντος,http://hdl.handle.net/20.500.11853/166833,"Βαλαβάνης, Ι.",Πόντος,40.0850088,23.9775837,Η γραία τογ Καλαντάρην σύκα εγύρευεν
95143,Η γούλα 'τ' τρανόν έν,"Πόντος, Χαλδία",http://hdl.handle.net/20.500.11853/184085,"Παπαδόπουλος, Άνθιμος Α.",Πόντος,40.0850088,23.9775837,Η γούλα 'τ' τρανόν έν
94817,Γάιδαρον πή κ' έχ' ς σο κερβάν' κι ταράεται,"Πόντος, Χαλδία",http://hdl.handle.net/20.500.11853/184406,"Παπαδόπουλος, Άνθιμος Α.",Πόντος,40.0850088,23.9775837,Γάιδαρον πή κ' έχ' ς σο κερβάν' κι ταράεται
95650,Ο νέον θολόν ποτάμιν εν!,"Πόντος, Κερασούντα",http://hdl.handle.net/20.500.11853/217087,"Παπαδόπουλος, Άνθιμος Α.",Πόντος,40.0850088,23.9775837,Ο νέον θολόν ποτάμιν εὶναι!
94911,Έναν Παρασκευήν εξούκ' εν',"Πόντος, Κρώμνη",http://hdl.handle.net/20.500.11853/244047,"Παπαδόπουλος, Άνθιμος Α.",Πόντος,40.0850088,23.9775837,Έναν Παρασκευήν εξούκ' εὶναι
4262,Άστριος μου με τον άστριον άτου 'κι ταιριάζει,"Πόντος, Οινόη",http://hdl.handle.net/20.500.11853/191046,"Βαμβακίδης, Ι.",Πόντος,40.0850088,23.9775837,Άστριος μου με τον άστριον άτου 'κι ταιριάζει
3385,Εφύσεσα ς σηγ καρδιάν ατ απέσ,Πόντος,http://hdl.handle.net/20.500.11853/269407,"Βαλαβάνης, Ι.",Πόντος,40.0850088,23.9775837,Εφύσεσα ς σηγ καρδιάν ατ απέσ
3658,Ντο εν η κονίδα και να εν και το ζωμίν ατς,Πόντος,http://hdl.handle.net/20.500.11853/203399,"Βαλαβάνης, Ι.",Πόντος,40.0850088,23.9775837,Τι εὶναι η κονίδα και να εὶναι και το ζωμίν ατς
95582,Ο κάλτς τον κάλ καραπέτ εκούυζεν,Πόντος,http://hdl.handle.net/20.500.11853/184853,"Παπαδόπουλος, Άνθιμος Α.",Πόντος,40.0850088,23.9775837,Ο κάλτς τον κάλ καραπέτ εκούυζεν
77782,Ο Μάρτς εφέκεν τα ζαντάτ' και οι γρακάδες σα εχτέθαν μουσκάρια,"Πόντος, Χαλδία",http://hdl.handle.net/20.500.11853/278491,"Μελανοφρύδης, Παντελεήμον Η.",Πόντος,40.0850088,23.9775837,Ο Μάρτς εφέκεν τα ζαντάτ' και οι γρακάδες σα εχτέθαν μουσκάρια
96010,Τ' Αεργί' το φούστρον ακριβόν εν,"Πόντος, Χαλδία",http://hdl.handle.net/20.500.11853/184675,"Παπαδόπουλος, Άνθιμος Α.",Πόντος,40.0850088,23.9775837,Τ' Αεργί' το φούστρον ακριβόν εὶναι
4251,Άνοστος κι άβροτος,"Πόντος, Οινόη",http://hdl.handle.net/20.500.11853/191042,"Βαμβακίδης, Ι.",Πόντος,40.0850088,23.9775837,Άνοστος κι άβροτος
94590,"Ακομάν πας, είπε η Πηνελόπη","Πόντος, Κοτύωρα",http://hdl.handle.net/20.500.11853/199658,"Παπαδόπουλος, Άνθιμος Α.",Πόντος,40.0850088,23.9775837,"Ακομάν πας, είπε η Πηνελόπη"
3688,Ο Θεός νεκρόν ανασταίνει,Πόντος,http://hdl.handle.net/20.500.11853/163826,"Βαλαβάνης, Ι.",Πόντος,40.0850088,23.9775837,Ο Θεός νεκρόν ανασταίνει
4146,Το σκύλον άγκεψον και το μαγκοούρ ετοίμασον,Πόντος,http://hdl.handle.net/20.500.11853/263964,"Βαλαβάνης, Ι.",Πόντος,40.0850088,23.9775837,Το σκύλον άγκεψον και το μαγκοούρ ετοίμασον
77968,Το τέρτιμ' όλον τη πεθεράσιμ' ο θάνατος ας έτον,"Πόντος, Χαλδία",http://hdl.handle.net/20.500.11853/286486,"Μελανοφρύδης, Παντελεήμον Η.",Πόντος,40.0850088,23.9775837,Το τέρτιμ' όλον τη πεθεράσιμ' ο θάνατος ας έτον
77536,Από μέγαν το ποτάμ' έπαρ νερόν,"Πόντος, Χαλδία",http://hdl.handle.net/20.500.11853/280125,"Μελανοφρύδης, Παντελεήμον Η.",Πόντος,40.0850088,23.9775837,Από μέγαν το ποτάμ' έπαρ νερόν
3761,Ο Χαλήλ αγάς εξέρει άτο,Πόντος,http://hdl.handle.net/20.500.11853/289008,"Βαλαβάνης, Ι.",Πόντος,40.0850088,23.9775837,Ο Χαλήλ αγάς εξέρει άτο
77892,Τ' ωβού τ' απές και τ' ελαίας τ' εξ είναν κι δύναται,"Πόντος, Χαλδία",http://hdl.handle.net/20.500.11853/153635,"Μελανοφρύδης, Παντελεήμον Η.",Πόντος,40.0850088,23.9775837,Τ' ωβού τ' απές και τ' ελαίας τ' εξ είναν κι δύναται
77733,"Να εμαρουκούντον, το κρέασατ' εφαγίουτον","Πόντος, Χαλδία",http://hdl.handle.net/20.500.11853/273933,"Μελανοφρύδης, Παντελεήμον Η.",Πόντος,40.0850088,23.9775837,"Να εμαρουκούντον, το κρέασατ' εφαγίουτον"
77638,"Εσύ το δαβρίν λάϊξον και το ζαντον το μουλάρ, γίνεται πενλίν","Πόντος, Χαλδία",http://hdl.handle.net/20.500.11853/264285,"Μελανοφρύδης, Παντελεήμον Η.",Πόντος,40.0850088,23.9775837,"Εσύ το δαβρίν λάϊξον και το ζαντον το μουλάρ, γίνεται πενλίν"
96063,Τα καφούλα πα έχνε ωτία,Πόντος,http://hdl.handle.net/20.500.11853/184879,"Παπαδόπουλος, Άνθιμος Α.",Πόντος,40.0850088,23.9775837,Τα καφούλα πα έχνε ωτία
95662,Ο πεινασμένον 'ς σ' όνερον ατ' κοτέρα 'λέπει,"Πόντος, Τραπεζούντα",http://hdl.handle.net/20.500.11853/244075,"Παπαδόπουλος, Άνθιμος Α.",Πόντος,40.0850088,23.9775837,Ο πεινασμένον 'ς σ' όνερον ατ' κοτέρα 'λέπει
95996,"Στραβοί, κουτζοί, 'ς τον Άη Παντελεήμονα","Πόντος, Ινέπολη",http://hdl.handle.net/20.500.11853/184661,"Παπαδόπουλος, Άνθιμος Α.",Πόντος,40.0850088,23.9775837,"Στραβοί, κουτζοί, 'ς τον Άη Παντελεήμονα"
93191,Τά 'μά τά μετρητά καί τά σά τ' αμέτρητα,Πόντος,http://hdl.handle.net/20.500.11853/191538,"Παμπούκης, Ιορδάνης",Πόντος,40.0850088,23.9775837,Τά 'μά τά μετρητά καί τά σά τ' αμέτρητα
78007,Αεν ταφί μυρωδίαν έσ,"Πόντος, Χαλδία",http://hdl.handle.net/20.500.11853/153659,"Μελίδης, Θεόδωρος",Πόντος,40.0850088,23.9775837,Αεν ταφί μυρωδίαν έσ
4296,"Εβγάλλει ο κλέφταν τη φωνή, να φοβηθεί π' έχασε","Πόντος, Οινόη",http://hdl.handle.net/20.500.11853/210719,"Βαμβακίδης, Ι.",Πόντος,40.0850088,23.9775837,"Εβγάλλει ο κλέφταν τη φωνή, να φοβηθεί π' έχασε"
3498,Κάποιος αποτρώγει σε,Πόντος,http://hdl.handle.net/20.500.11853/141073,"Βαλαβάνης, Ι.",Πόντος,40.0850088,23.9775837,Κάποιος αποτρώγει σε
77817,"Ουντάν εν αίχτρια φογέθετε, οπίς βροχή εν","Πόντος, Χαλδία",http://hdl.handle.net/20.500.11853/153605,"Μελανοφρύδης, Παντελεήμον Η.",Πόντος,40.0850088,23.9775837,"Ουντάν εὶναι αίχτρια φογέθετε, οπίς βροχή εὶναι"
77542,"Ας έχς κι΄ ας έχωμε, άμαν ίλια αε έχωμε","Πόντος, Χαλδία",http://hdl.handle.net/20.500.11853/173070,"Μελανοφρύδης, Παντελεήμον Η.",Πόντος,40.0850088,23.9775837,"Ας έχς κι΄ ας έχωμε, άμαν ίλια αε έχωμε"
95793,Ούμπαν γάμος και κλητόν κι Αζαρέας με το τζιμπόν,"Πόντος, Τραπεζούντα",http://hdl.handle.net/20.500.11853/184591,"Παπαδόπουλος, Άνθιμος Α.",Πόντος,40.0850088,23.9775837,Ούμπαν γάμος και κλητόν κι Αζαρέας με το τζιμπόν
97308,Ο σκύλον τον σκύλον κι τρώει,Πόντος,http://hdl.handle.net/20.500.11853/263972,"Παπανανιάδης, Ελευθέριος",Πόντος,40.0850088,23.9775837,Ο σκύλον τον σκύλον κι τρώει
77539,Απρίλτς κι αν εκατεπράεσεν απρινάρευτος κ εξέβεν,"Πόντος, Χαλδία",http://hdl.handle.net/20.500.11853/153571,"Μελανοφρύδης, Παντελεήμον Η.",Πόντος,40.0850088,23.9775837,Απρίλτς κι αν εκατεπράεσεν απρινάρευτος κ εξέβεν
3527,Κι'αν παθάνης κι μαθάνεις,Πόντος,http://hdl.handle.net/20.500.11853/290615,"Βαλαβάνης, Ι.",Πόντος,40.0850088,23.9775837,Κι'αν παθάνης κι μαθάνεις
94978,Εγώ ντ' είχα επουλεσα και άλλο 'κι αγοράζω,"Πόντος, Κερασούντα",http://hdl.handle.net/20.500.11853/244037,"Παπαδόπουλος, Άνθιμος Α.",Πόντος,40.0850088,23.9775837,Εγώ ντ' είχα επουλεσα και άλλο 'κι αγοράζω
77889,Τ' οκνιάρκον το βουδ την Κερεκήν λείχ' τ' αλετρόζυγα,"Πόντος, Χαλδία",http://hdl.handle.net/20.500.11853/289588,"Μελανοφρύδης, Παντελεήμον Η.",Πόντος,40.0850088,23.9775837,Τ' οκνιάρκον το βουδ την Κερεκήν λείχ' τ' αλετρόζυγα
78041,Εποίκα ατον κούφαν και παράν,"Πόντος, Χαλδία",http://hdl.handle.net/20.500.11853/264269,"Μελίδης, Θεόδωρος",Πόντος,40.0850088,23.9775837,Εποίκα ατον κούφαν και παράν
95426,Με το ζόρι ο τσύλλος άβι 'κέ πάει,"Πόντος, Χαλδία",http://hdl.handle.net/20.500.11853/184191,"Παπαδόπουλος, Άνθιμος Α.",Πόντος,40.0850088,23.9775837,Με το ζόρι ο τσύλλος άβι 'κέ πάει
96046,Τ' ωβού τ' απέσ και τ' ελαίας τ' εξ έναν κι δίν' νατα,"Πόντος, Χαλδία",http://hdl.handle.net/20.500.11853/184822,"Παπαδόπουλος, Άνθιμος Α.",Πόντος,40.0850088,23.9775837,Τ' ωβού τ' απέσ και τ' ελαίας τ' εξ έναν κι δίν' νατα
95467,"Μουσκάρ' αν έχ', θα γεννά","Πόντος, Σάντα",http://hdl.handle.net/20.500.11853/184198,"Παπαδόπουλος, Άνθιμος Α.",Πόντος,40.0850088,23.9775837,"Μουσκάρ' αν έχ', θα γεννά"
3596,Με τα ξένα τα φτερά μη πετάς,Πόντος,http://hdl.handle.net/20.500.11853/203397,"Βαλαβάνης, Ι.",Πόντος,40.0850088,23.9775837,Με τα ξένα τα φτερά μη πετάς
77684,Κακόν ανανάμονον,"Πόντος, Χαλδία",http://hdl.handle.net/20.500.11853/268775,"Μελανοφρύδης, Παντελεήμον Η.",Πόντος,40.0850088,23.9775837,Κακόν ανανάμονον
77940,Το θέλ πλάν' και το θέλ' χάν',"Πόντος, Χαλδία",http://hdl.handle.net/20.500.11853/173200,"Μελανοφρύδης, Παντελεήμον Η.",Πόντος,40.0850088,23.9775837,Το θέλ πλάν' και το θέλ' χάν'
78030,Έμαθεν η κόρη γυμνή και φορεμέντσα εντρέπεται,"Πόντος, Χαλδία",http://hdl.handle.net/20.500.11853/264262,"Μελίδης, Θεόδωρος",Πόντος,40.0850088,23.9775837,Έμαθεν η κόρη γυμνή και φορεμέντσα εντρέπεται
95271,Κάθα είς ντό ΄κ΄ έχ΄χαβασλαεύ,"Πόντος, Σάντα",http://hdl.handle.net/20.500.11853/184139,"Παπαδόπουλος, Άνθιμος Α.",Πόντος,40.0850088,23.9775837,Κάθα είς ντό ΄κ΄ έχ΄χαβασλαεύ
3048,Αγκιστροκλέφτας ομοιάζει,Πόντος,http://hdl.handle.net/20.500.11853/141200,"Βαλαβάνης, Ι.",Πόντος,40.0850088,23.9775837,Αγκιστροκλέφτας ομοιάζει
3565,Λάγγα λάγγα πορπατεί,Πόντος,http://hdl.handle.net/20.500.11853/264050,"Βαλαβάνης, Ι.",Πόντος,40.0850088,23.9775837,Λάγγα λάγγα πορπατεί
94747,"Ας σον κοντόν τον άρθεπον να φογάσαι όσον εν' απάν' τη γης, ατόσον εν' κι αφκά τη γης","Πόντος, Κερασούντα",http://hdl.handle.net/20.500.11853/199672,"Παπαδόπουλος, Άνθιμος Α.",Πόντος,40.0850088,23.9775837,"Ας σον κοντόν τον άρθεπον να φογάσαι όσον εὶναι απάν' τη γης, ατόσον εὶναι κι αφκά τη γης"
3922,Σ σο μεγάλον το ποτάμιν να πνίγεσαι,Πόντος,http://hdl.handle.net/20.500.11853/279245,"Βαλαβάνης, Ι.",Πόντος,40.0850088,23.9775837,Σ σο μεγάλον το ποτάμιν να πνίγεσαι
95228,Ήνταν μαθάντς εκείνο πα κρατείς,"Πόντος, Σάντα",http://hdl.handle.net/20.500.11853/243967,"Παπαδόπουλος, Άνθιμος Α.",Πόντος,40.0850088,23.9775837,Ήνταν μαθάντς εκείνο πα κρατείς
77748,Ο γάμον θέλει τύμπανα κ' η Εκκλησία ψάλτεν,"Πόντος, Χαλδία",http://hdl.handle.net/20.500.11853/153610,"Μελανοφρύδης, Παντελεήμον Η.",Πόντος,40.0850088,23.9775837,Ο γάμον θέλει τύμπανα κ' η Εκκλησία ψάλτεν
4021,Τα μικρά τ΄ οψάρια τρώγουνταν α σα μεγάλα,Πόντος,http://hdl.handle.net/20.500.11853/279563,"Βαλαβάνης, Ι.",Πόντος,40.0850088,23.9775837,Τα μικρά τ΄ οψάρια τρώγουνταν α σα μεγάλα
18618,"Το στόμαν ατ' το λέει, τωτίατ' κι ακούγιε","Πόντος, Αργυρούπολη",http://hdl.handle.net/20.500.11853/143130,"Ζουντούρης, Γ.",Πόντος,40.0850088,23.9775837,"Το στόμαν ατ' το λέει, τωτίατ' κι ακούγιε"
99626,Έντρισεν το συκοκούρ' σαγ σούν καστανοκούρ',"Πόντος, Τραπεζούντα",http://hdl.handle.net/20.500.11853/191488,"Παρχαρίδης, Ι. Α.",Πόντος,40.0850088,23.9775837,Έντρισεν το συκοκούρ' σαγ σούν καστανοκούρ'
3127,Ας σα σείλεα πρόβατον κι' ας σην καρδίαν λύκος,Πόντος,http://hdl.handle.net/20.500.11853/269660,"Βαλαβάνης, Ι.",Πόντος,40.0850088,23.9775837,Ας σα σείλεα πρόβατον κι' ας σην καρδίαν λύκος
4319,Η έμορφη η κόρη επίσου σο κουνί φαίνεται,"Πόντος, Οινόη",http://hdl.handle.net/20.500.11853/210723,"Βαμβακίδης, Ι.",Πόντος,40.0850088,23.9775837,Η έμορφη η κόρη επίσου σο κουνί φαίνεται
96043,Τ' οψάρ' ας σο κιφάλ βρομά,"Πόντος, Σάντα",http://hdl.handle.net/20.500.11853/217514,"Παπαδόπουλος, Άνθιμος Α.",Πόντος,40.0850088,23.9775837,Τ' οψάρ' ας σο κιφάλ βρομά
99590,Άλλ' κάμν κι άλλ τρώγνε,"Πόντος, Κρώμνη",http://hdl.handle.net/20.500.11853/191516,"Παρχαρίδης, Ι. Α.",Πόντος,40.0850088,23.9775837,Άλλ' κάμν κι άλλ τρώγνε
4034,Τα σκυλία άλας δι,Πόντος,http://hdl.handle.net/20.500.11853/264011,"Βαλαβάνης, Ι.",Πόντος,40.0850088,23.9775837,Τα σκυλία άλας δι
94623,Αν την ειπής 'κυράτσα μου 'θενά σε ειπή 'νυφίτσα μου!,"Πόντος, Ινέπολη",http://hdl.handle.net/20.500.11853/217119,"Παπαδόπουλος, Άνθιμος Α.",Πόντος,40.0850088,23.9775837,Αν την ειπής 'κυράτσα μου 'θενά σε ειπή 'νυφίτσα μου!
77723,Με το ζόρ ποπάς κι γίνεται,"Πόντος, Χαλδία",http://hdl.handle.net/20.500.11853/173091,"Μελανοφρύδης, Παντελεήμον Η.",Πόντος,40.0850088,23.9775837,Με το ζόρ ποπάς κι γίνεται
77939,"Το θα λες α κούτ – μούτ, ' πέατο αρμούτ","Πόντος, Χαλδία",http://hdl.handle.net/20.500.11853/275771,"Μελανοφρύδης, Παντελεήμον Η.",Πόντος,40.0850088,23.9775837,"Το θα λες α κούτ – μούτ, ' πέατο αρμούτ"
96291,Τοην ήλιο πίρχον ιδής τον ειτονά σου θωρείς,"Πόντος, Ινέπολη",http://hdl.handle.net/20.500.11853/184787,"Παπαδόπουλος, Άνθιμος Α.",Πόντος,40.0850088,23.9775837,Τοην ήλιο πίρχον ιδής τον ειτονά σου θωρείς
96373,Τσί σ'κούται φορεί κι αντρίζ';,"Πόντος, Κρώμνη",http://hdl.handle.net/20.500.11853/184345,"Παπαδόπουλος, Άνθιμος Α.",Πόντος,40.0850088,23.9775837,Τσί σ'κούται φορεί κι αντρίζ';
95158,"Η κάτα καλό 'κε ξέρει, τρώει τρώει και τα μάκια της σφίγγειν τα","Πόντος, Ινέπολη",http://hdl.handle.net/20.500.11853/184095,"Παπαδόπουλος, Άνθιμος Α.",Πόντος,40.0850088,23.9775837,"Η κάτα καλό 'κε ξέρει, τρώει τρώει και τα μάκια της σφίγγειν τα"
94696,Ας εφτά πεγάδα νερόν έφερα κ' εκέρασ' άτον,"Πόντος, Κερασούντα",http://hdl.handle.net/20.500.11853/217134,"Παπαδόπουλος, Άνθιμος Α.",Πόντος,40.0850088,23.9775837,Ας εφτά πεγάδα νερόν έφερα κ' εκέρασ' άτον
95169,Η καλατζή φερ' την καλατζήν,"Πόντος, Χαλδία",http://hdl.handle.net/20.500.11853/216959,"Παπαδόπουλος, Άνθιμος Α.",Πόντος,40.0850088,23.9775837,Η καλατζή φερ' την καλατζήν
95903,Σ σ' άρκονος τον κώλον κι άλλο άλειμμαν αλείφτς,"Πόντος, Χαλδία",http://hdl.handle.net/20.500.11853/184632,"Παπαδόπουλος, Άνθιμος Α.",Πόντος,40.0850088,23.9775837,Σ σ' άρκονος τον κώλον κι άλλο άλειμμαν αλείφτς
3573,Λύκος εποταμίγεν,Πόντος,http://hdl.handle.net/20.500.11853/277352,"Βαλαβάνης, Ι.",Πόντος,40.0850088,23.9775837,Λύκος εποταμίγεν
95781,Ολίγον φα κ' είναν παραγιόν πίασον,Πόντος,http://hdl.handle.net/20.500.11853/244063,"Παπαδόπουλος, Άνθιμος Α.",Πόντος,40.0850088,23.9775837,Ολίγον φα κ' είναν παραγιόν πίασον
3068,Αλάλετον σκαμνίν κι εσ',"Πόντος, Τραπεζούντα",http://hdl.handle.net/20.500.11853/141117,"Βαλαβάνης, Ι.",Πόντος,40.0850088,23.9775837,Αλάλετον σκαμνίν κι εσ'
77651,Εχτάλειψεν ο πετεινόν κ' εύρεν τη γούλασ ατ το μαχαίρ,"Πόντος, Χαλδία",http://hdl.handle.net/20.500.11853/153581,"Μελανοφρύδης, Παντελεήμον Η.",Πόντος,40.0850088,23.9775837,Εχτάλειψεν ο πετεινόν κ' εύρεν τη γούλασ ατ το μαχαίρ
95887,Που να γράφτωμ' άτο;,"Πόντος, Τραπεζούντα",http://hdl.handle.net/20.500.11853/184618,"Παπαδόπουλος, Άνθιμος Α.",Πόντος,40.0850088,23.9775837,Που να γράφτωμ' άτο;
95171,Η Καλλιά είχε πουλλί κι όλη μέρα χόρευε,"Πόντος, Ινέπολη",http://hdl.handle.net/20.500.11853/184094,"Παπαδόπουλος, Άνθιμος Α.",Πόντος,40.0850088,23.9775837,Η Καλλιά είχε πουλλί κι όλη μέρα χόρευε
95283,Καβαλλ'κεύομε τον γαιδούρα ους να φτάνωμεν τον αλογά,"Πόντος, Κοτύωρα",http://hdl.handle.net/20.500.11853/184138,"Παπαδόπουλος, Άνθιμος Α.",Πόντος,40.0850088,23.9775837,Καβαλλ'κεύομε τον γαιδούρα ους να φτάνωμεν τον αλογά
3788,Όποιος καυκίσκεται μαγαρίσκεται,Πόντος,http://hdl.handle.net/20.500.11853/203403,"Βαλαβάνης, Ι.",Πόντος,40.0850088,23.9775837,Όποιος καυκίσκεται μαγαρίσκεται
4184,Τοξώνω τηρ ράσιαν,Πόντος,http://hdl.handle.net/20.500.11853/264047,"Βαλαβάνης, Ι.",Πόντος,40.0850088,23.9775837,Τοξώνω τηρ ράσιαν
96085,Τα περηφανεμένα τα χωράφα βασιλεύουν,"Πόντος, Κερασούντα",http://hdl.handle.net/20.500.11853/244152,"Παπαδόπουλος, Άνθιμος Α.",Πόντος,40.0850088,23.9775837,Τα περηφανεμένα τα χωράφα βασιλεύουν
77836,"Πολλά βούτουρον π' έχ, βάλλ και σα λάχανα","Πόντος, Χαλδία",http://hdl.handle.net/20.500.11853/264308,"Μελανοφρύδης, Παντελεήμον Η.",Πόντος,40.0850088,23.9775837,"Πολλά βούτουρον π' έχ, βάλλ και σα λάχανα"
94671,Απού βραδής γιόρτασέ με και την αυγήν κατέλυσέ με,"Πόντος, Ινέπολη",http://hdl.handle.net/20.500.11853/184309,"Παπαδόπουλος, Άνθιμος Α.",Πόντος,40.0850088,23.9775837,Απού βραδής γιόρτασέ με και την αυγήν κατέλυσέ με
95835,Πέντε παιδιών μάννα του φέρονος η καλομάννα,"Πόντος, Χαλδία",http://hdl.handle.net/20.500.11853/243996,"Παπαδόπουλος, Άνθιμος Α.",Πόντος,40.0850088,23.9775837,Πέντε παιδιών μάννα του φέρονος η καλομάννα
3157,"Ατός ως τα να πάγη κ' έρ(σε)ται, κάστρια παίρκουνταν",Πόντος,http://hdl.handle.net/20.500.11853/203371,"Βαλαβάνης, Ι.",Πόντος,40.0850088,23.9775837,"Ατός ως τα να πάγη κ' έρ(σε)ται, κάστρια παίρκουνταν"
95587,Ο κακόν ο γειτονάς ευτάει τον γειτονάν ατ' με το χετσάτ,"Πόντος, Χαλδία",http://hdl.handle.net/20.500.11853/184538,"Παπαδόπουλος, Άνθιμος Α.",Πόντος,40.0850088,23.9775837,Ο κακόν ο γειτονάς ευτάει τον γειτονάν ατ' με το χετσάτ
96194,Το θελυκό το πουλλί φτειάνει τη φωλιά,"Πόντος, Ινέπολη",http://hdl.handle.net/20.500.11853/184761,"Παπαδόπουλος, Άνθιμος Α.",Πόντος,40.0850088,23.9775837,Το θελυκό το πουλλί φτειάνει τη φωλιά
90546,Ξεράθηκε στα γέλια,"Πόντος, Κοτύωρα",http://hdl.handle.net/20.500.11853/196146,"Ξενίτας, Ξένου",Πόντος,40.0850088,23.9775837,Ξεράθηκε στα γέλια
3488,Ίσα με το πάπλωμα σ' άπλωσον τα ποδάρια σ',Πόντος,http://hdl.handle.net/20.500.11853/141205,"Βαλαβάνης, Ι.",Πόντος,40.0850088,23.9775837,Ίσα με το πάπλωμα σ' άπλωσον τα ποδάρια σ'
77803,Οι κοτσοί η κορώνες θ' εβγάλνε τ' ομμάτια τ',"Πόντος, Χαλδία",http://hdl.handle.net/20.500.11853/272172,"Μελανοφρύδης, Παντελεήμον Η.",Πόντος,40.0850088,23.9775837,Οι κοτσοί η κορώνες θ' εβγάλνε τ' ομμάτια τ'
95021,Εκεί που είναι πολλοί πετεινοί αργά μερώνει,"Πόντος, Ινέπολη",http://hdl.handle.net/20.500.11853/244045,"Παπαδόπουλος, Άνθιμος Α.",Πόντος,40.0850088,23.9775837,Εκεί που είναι πολλοί πετεινοί αργά μερώνει
3220,"Έκαψε με το μαλέζ, να ωμοίαζεν και φαγείν",Πόντος,http://hdl.handle.net/20.500.11853/267080,"Βαλαβάνης, Ι.",Πόντος,40.0850088,23.9775837,"Έκαψε με το μαλέζ, να ωμοίαζεν και φαγείν"
94903,Έμ τ' ωβού τ' απέσ' έμ τ' ελαιάς τ' έξ' κανείς 'κί δί' σε,"Πόντος, Σάντα",http://hdl.handle.net/20.500.11853/184479,"Παπαδόπουλος, Άνθιμος Α.",Πόντος,40.0850088,23.9775837,Έμ τ' ωβού τ' απέσ' έμ τ' ελαιάς τ' έξ' κανείς 'κί δί' σε
95601,Ο κλέφτες είχεν τον αδελφόν ατ' μάρτυραν,Πόντος,http://hdl.handle.net/20.500.11853/199828,"Παπαδόπουλος, Άνθιμος Α.",Πόντος,40.0850088,23.9775837,Ο κλέφτες είχεν τον αδελφόν ατ' μάρτυραν
77900,Τα μαλλιάρια τ' άλογα με ταργυρά κωδώνια,"Πόντος, Χαλδία",http://hdl.handle.net/20.500.11853/153637,"Μελανοφρύδης, Παντελεήμον Η.",Πόντος,40.0850088,23.9775837,Τα μαλλιάρια τ' άλογα με ταργυρά κωδώνια
77674,Η χώρα πάντα χώρα εν κ' η γειτονεία ξένον,"Πόντος, Χαλδία",http://hdl.handle.net/20.500.11853/173139,"Μελανοφρύδης, Παντελεήμον Η.",Πόντος,40.0850088,23.9775837,Η χώρα πάντα χώρα εὶναι κ' η γειτονεία ξένον
96360,"Του στραβού το δίκαιο, του φτωχού το δίκαιο",Πόντος,http://hdl.handle.net/20.500.11853/184927,"Παπαδόπουλος, Άνθιμος Α.",Πόντος,40.0850088,23.9775837,"Του στραβού το δίκαιο, του φτωχού το δίκαιο"
77962,Το πρώιμον τ' αρνίν βυζάν' την μάναναθε και βυζάν' άλλ' είναι κι άλλο,"Πόντος, Χαλδία",http://hdl.handle.net/20.500.11853/153643,"Μελανοφρύδης, Παντελεήμον Η.",Πόντος,40.0850088,23.9775837,Το πρώιμον τ' αρνίν βυζάν' την μάναναθε και βυζάν' άλλ' είναι κι άλλο
77833,Ποι σπέρ΄ θα θερίζ΄,"Πόντος, Χαλδία",http://hdl.handle.net/20.500.11853/173094,"Μελανοφρύδης, Παντελεήμον Η.",Πόντος,40.0850088,23.9775837,Ποι σπέρ΄ θα θερίζ΄
77993,Τσί θα έντριξα κιόλα άμαν κανείς μουστέρις πα κ' εξέβεν,"Πόντος, Χαλδία",http://hdl.handle.net/20.500.11853/153598,"Μελανοφρύδης, Παντελεήμον Η.",Πόντος,40.0850088,23.9775837,Τσί θα έντριξα κιόλα άμαν κανείς μουστέρις πα κ' εξέβεν
77718,Λύχ' τήν απαλάμιαν,"Πόντος, Χαλδία",http://hdl.handle.net/20.500.11853/276853,"Μελανοφρύδης, Παντελεήμον Η.",Πόντος,40.0850088,23.9775837,Λύχ' τήν απαλάμιαν
99588,Άθρωπον το μαθάν' τσετίνεα απομαθάν',"Πόντος, Τραπεζούντα",http://hdl.handle.net/20.500.11853/246500,"Παρχαρίδης, Ι. Α.",Πόντος,40.0850088,23.9775837,Άθρωπον το μαθάν' τσετίνεα απομαθάν'
94645,Απέμπρ' κυρά! Κι αποπίσ' 'κοσκινόκωλε!,"Πόντος, Χαλδία",http://hdl.handle.net/20.500.11853/184311,"Παπαδόπουλος, Άνθιμος Α.",Πόντος,40.0850088,23.9775837,Απέμπρ' κυρά! Κι αποπίσ' 'κοσκινόκωλε!
95814,"Πάππο μ', το μυτί σ΄ υλίζ'. Υιέ μ', χειμων'κός έν. Αρ' εγώ την άνοιξιν πα εξέρω σε","Πόντος, Τραπεζούντα",http://hdl.handle.net/20.500.11853/217088,"Παπαδόπουλος, Άνθιμος Α.",Πόντος,40.0850088,23.9775837,"Πάππο μ', το μυτί σ΄ υλίζ'. Υιέ μ', χειμων'κός έν. Αρ' εγώ την άνοιξιν πα εξέρω σε"
95940,Σ σο ξερόν καικά καίεται και το ζογρόν,"Πόντος, Χαλδία",http://hdl.handle.net/20.500.11853/217364,"Παπαδόπουλος, Άνθιμος Α.",Πόντος,40.0850088,23.9775837,Σ σο ξερόν καικά καίεται και το ζογρόν
3520,"Καλόν τυρίν, 'ς σι σκύλ' τ' αγγίν",Πόντος,http://hdl.handle.net/20.500.11853/263988,"Βαλαβάνης, Ι.",Πόντος,40.0850088,23.9775837,"Καλόν τυρίν, 'ς σι σκύλ' τ' αγγίν"
95808,Π' εληγορεί ν' αρχοντύν συερά τήν εφτωχίαν,"Πόντος, Τραπεζούντα",http://hdl.handle.net/20.500.11853/244105,"Παπαδόπουλος, Άνθιμος Α.",Πόντος,40.0850088,23.9775837,Π' εληγορεί ν' αρχοντύν συερά τήν εφτωχίαν
95287,Καθείς τη λόγ' ατ' ας τζαφίεται,"Πόντος, Κερασούντα",http://hdl.handle.net/20.500.11853/199630,"Παπαδόπουλος, Άνθιμος Α.",Πόντος,40.0850088,23.9775837,Καθείς τη λόγ' ατ' ας τζαφίεται
95350,"Κρεμάει το ζωνάρι του, του πάτησαν το ζωνάρι",Πόντος,http://hdl.handle.net/20.500.11853/184912,"Παπαδόπουλος, Άνθιμος Α.",Πόντος,40.0850088,23.9775837,"Κρεμάει το ζωνάρι του, του πάτησαν το ζωνάρι"
77761,"Ο καλόν άντρας ευρήκ κακέσαν γυναίκαν, κ' η καλέσσα η γυναίκα ευρήκ' κακόν άντραν","Πόντος, Χαλδία",http://hdl.handle.net/20.500.11853/206817,"Μελανοφρύδης, Παντελεήμον Η.",Πόντος,40.0850088,23.9775837,"Ο καλόν άντρας ευρήκ κακέσαν γυναίκαν, κ' η καλέσσα η γυναίκα ευρήκ' κακόν άντραν"
95299,Κακόν είχες,"Πόντος, Ινέπολη",http://hdl.handle.net/20.500.11853/217012,"Παπαδόπουλος, Άνθιμος Α.",Πόντος,40.0850088,23.9775837,Κακόν είχες
77505,Άραθα μάραθα,"Πόντος, Χαλδία",http://hdl.handle.net/20.500.11853/153562,"Μελανοφρύδης, Παντελεήμον Η.",Πόντος,40.0850088,23.9775837,Άραθα μάραθα
3743,"Ο πετεινόν που κουγίζει παρώρας, κόφτει το κεφάλιν ατ",Πόντος,http://hdl.handle.net/20.500.11853/263997,"Βαλαβάνης, Ι.",Πόντος,40.0850088,23.9775837,"Ο πετεινόν που κουγίζει παρώρας, κόφτει το κεφάλιν ατ"
3131,Ας σο μυτίμ μ έρθεν,Πόντος,http://hdl.handle.net/20.500.11853/283725,"Βαλαβάνης, Ι.",Πόντος,40.0850088,23.9775837,Ας σο μυτίμ μ έρθεν
94603,Αλοτίζ' σκυλλία,"Πόντος, Χαλδία",http://hdl.handle.net/20.500.11853/244005,"Παπαδόπουλος, Άνθιμος Α.",Πόντος,40.0850088,23.9775837,Αλοτίζ' σκυλλία
97295,Νέα υα τ νε ευλοϊα τ,Πόντος,http://hdl.handle.net/20.500.11853/165837,"Παπανανιάδης, Ελευθέριος",Πόντος,40.0850088,23.9775837,Νέα υα τ νε ευλοϊα τ
94819,Γάμος για ζιγιαφέτ' και ψαλμός για ψυχής ωφέλειαν,"Πόντος, Χαλδία",http://hdl.handle.net/20.500.11853/184408,"Παπαδόπουλος, Άνθιμος Α.",Πόντος,40.0850088,23.9775837,Γάμος για ζιγιαφέτ' και ψαλμός για ψυχής ωφέλειαν
94784,Αψύν οξίδ' ένι,"Πόντος, Κερασούντα",http://hdl.handle.net/20.500.11853/184395,"Παπαδόπουλος, Άνθιμος Α.",Πόντος,40.0850088,23.9775837,Αψύν οξίδ' ένι
94967,"Εγώ άμον εσέν' κι' γίνουμαι, εσέν άμον εμέν ευτάγω","Πόντος, Χαλδία",http://hdl.handle.net/20.500.11853/184447,"Παπαδόπουλος, Άνθιμος Α.",Πόντος,40.0850088,23.9775837,"Εγώ άμον εσέν' κι' γίνουμαι, εσέν άμον εμέν ευτάγω"
95674,Ο σκύλλον αν αλλάζ' το μαλλίν ατ' αλλάζ' το ταπιέτ'ν ατ' κι αλλάζ',"Πόντος, Κοτύωρα",http://hdl.handle.net/20.500.11853/244087,"Παπαδόπουλος, Άνθιμος Α.",Πόντος,40.0850088,23.9775837,Ο σκύλλον αν αλλάζ' το μαλλίν ατ' αλλάζ' το ταπιέτ'ν ατ' κι αλλάζ'
77603,Έρθεν άντρασιμ' κι άσπρα η έγκεν και για τέρ' τα τέρτια τ' έγκεν,"Πόντος, Χαλδία",http://hdl.handle.net/20.500.11853/153587,"Μελανοφρύδης, Παντελεήμον Η.",Πόντος,40.0850088,23.9775837,Έρθεν άντρασιμ' κι άσπρα η έγκεν και για τέρ' τα τέρτια τ' έγκεν
77902,Τα πέντιατ παίζνε,"Πόντος, Χαλδία",http://hdl.handle.net/20.500.11853/264322,"Μελανοφρύδης, Παντελεήμον Η.",Πόντος,40.0850088,23.9775837,Τα πέντιατ παίζνε
4194,Τσαφίγου τη λόγου σ',Πόντος,http://hdl.handle.net/20.500.11853/203425,"Βαλαβάνης, Ι.",Πόντος,40.0850088,23.9775837,Τσαφίγου τη λόγου σ'
3670,"Ο γάιδιορον ψοφά 'ς το ρασίν, αμμά η ζημία 'ς σο σπίτιν κάθεται",Πόντος,http://hdl.handle.net/20.500.11853/166825,"Βαλαβάνης, Ι.",Πόντος,40.0850088,23.9775837,"Ο γάιδιορον ψοφά 'ς το ρασίν, αμμά η ζημία 'ς σο σπίτιν κάθεται"
96035,Τ' ομμάτ' ντο 'κι γιαραεύ ας εβγαίν',"Πόντος, Σάντα",http://hdl.handle.net/20.500.11853/217232,"Παπαδόπουλος, Άνθιμος Α.",Πόντος,40.0850088,23.9775837,Τ' ομμάτ' τι 'κι γιαραεύ ας εβγαίν'
3995,Τ' οβγόν ς σό κουδούκιν κρατεί,Πόντος,http://hdl.handle.net/20.500.11853/141075,"Βαλαβάνης, Ι.",Πόντος,40.0850088,23.9775837,Τ' οβγόν ς σό κουδούκιν κρατεί
3389,Εχαλύρωνων ο κώλος ατ,Πόντος,http://hdl.handle.net/20.500.11853/273002,"Βαλαβάνης, Ι.",Πόντος,40.0850088,23.9775837,Εχαλύρωνων ο κώλος ατ
95622,"Ο λύκο άντα κρούη ς σά πρόβατα, άς κλαίη όπ έχ' τό ένα","Πόντος, Όφις",http://hdl.handle.net/20.500.11853/184204,"Παπαδόπουλος, Άνθιμος Α.",Πόντος,40.0850088,23.9775837,"Ο λύκο άντα κρούη ς σά πρόβατα, άς κλαίη όπ έχ' τό ένα"
95212,"Η τζούνα όνταν εληγορή, στραβά ποίει τα παιδία 'τ'ς","Πόντος, Κερασούντα",http://hdl.handle.net/20.500.11853/184124,"Παπαδόπουλος, Άνθιμος Α.",Πόντος,40.0850088,23.9775837,"Η τζούνα όνταν εληγορή, στραβά ποίει τα παιδία 'τ'ς"
3769,Όλοι έναν κουμάσιν είν,Πόντος,http://hdl.handle.net/20.500.11853/271600,"Βαλαβάνης, Ι.",Πόντος,40.0850088,23.9775837,Όλοι έναν κουμάσιν είν
77996,"Χα ο Λεφτέρτς, και πασιά λέγωσε 'πέατον Λεφτέρ","Πόντος, Χαλδία",http://hdl.handle.net/20.500.11853/275772,"Μελανοφρύδης, Παντελεήμον Η.",Πόντος,40.0850088,23.9775837,"Χα ο Λεφτέρτς, και πασιά λέγωσε 'πέατον Λεφτέρ"
95087,Εσύ ντο θα λες εγώ απέσ'-ι-μ' έχ' άτα,"Πόντος, Κρώμνη",http://hdl.handle.net/20.500.11853/216944,"Παπαδόπουλος, Άνθιμος Α.",Πόντος,40.0850088,23.9775837,Εσύ τι θα λες εγώ απέσ'-ι-μ' έχ' άτα
95924,"Σ ση θάλασσαν να πάγη, νερόν 'κ' ευρήκει","Πόντος, Κερασούντα",http://hdl.handle.net/20.500.11853/184636,"Παπαδόπουλος, Άνθιμος Α.",Πόντος,40.0850088,23.9775837,"Σ ση θάλασσαν να πάγη, νερόν 'κ' ευρήκει"
95923,"Σ ση θάλασσαν καικά πα αν κάθεσαι, όσον το παρακείται σε","Πόντος, Χαλδία",http://hdl.handle.net/20.500.11853/184635,"Παπαδόπουλος, Άνθιμος Α.",Πόντος,40.0850088,23.9775837,"Σ ση θάλασσαν καικά πα αν κάθεσαι, όσον το παρακείται σε"
90550,"Σερ ποι κι κόφκεται, προσκυνώ άτο","Πόντος, Κοτύωρα",http://hdl.handle.net/20.500.11853/247876,"Ξενίτας, Ξένου",Πόντος,40.0850088,23.9775837,"Σερ ποι κι κόφκεται, προσκυνώ άτο"
3940,Σ' σού Θεού το σέριν εν,Πόντος,http://hdl.handle.net/20.500.11853/166919,"Βαλαβάνης, Ι.",Πόντος,40.0850088,23.9775837,Σ' σού Θεού το σέριν εὶναι
95136,"Η γλώσσα ζογρό γερτέ τσείται, κλαδία ούτσ' έχ'","Πόντος, Όφις",http://hdl.handle.net/20.500.11853/184064,"Παπαδόπουλος, Άνθιμος Α.",Πόντος,40.0850088,23.9775837,"Η γλώσσα ζογρό γερτέ τσείται, κλαδία ούτσ' έχ'"
4306,Εκύλιεν το κουτί κι ηύρεν το κουτοπούλι,"Πόντος, Οινόη",http://hdl.handle.net/20.500.11853/191065,"Βαμβακίδης, Ι.",Πόντος,40.0850088,23.9775837,Εκύλιεν το κουτί κι ηύρεν το κουτοπούλι
78038,Εκυλίεν το κουτίν κι' εύρεν το πώμαν άθες,"Πόντος, Χαλδία",http://hdl.handle.net/20.500.11853/153662,"Μελίδης, Θεόδωρος",Πόντος,40.0850088,23.9775837,Εκυλίεν το κουτίν κι' εύρεν το πώμαν άθες
95608,Ο κλέφτης είχε τον αδελφόν ατ μάρτυραν,"Πόντος, Χαλδία",http://hdl.handle.net/20.500.11853/199701,"Παπαδόπουλος, Άνθιμος Α.",Πόντος,40.0850088,23.9775837,Ο κλέφτης είχε τον αδελφόν ατ μάρτυραν
3921,Σ σο κοτσορύμ π' επέθανεν ο χάρος ατ εκείνο,Πόντος,http://hdl.handle.net/20.500.11853/263959,"Βαλαβάνης, Ι.",Πόντος,40.0850088,23.9775837,Σ σο κοτσορύμ π' επέθανεν ο χάρος ατ εκείνο
95780,Ολίγον και τζουμουρόπον,"Πόντος, Σάντα",http://hdl.handle.net/20.500.11853/217266,"Παπαδόπουλος, Άνθιμος Α.",Πόντος,40.0850088,23.9775837,Ολίγον και τζουμουρόπον
94762,Ατός όθεν 'κι σπέρ' θερίζ',"Πόντος, Σάντα",http://hdl.handle.net/20.500.11853/244023,"Παπαδόπουλος, Άνθιμος Α.",Πόντος,40.0850088,23.9775837,Ατός όθεν 'κι σπέρ' θερίζ'
3361,Εσήβαμε κ σου Αύγουστον και σου σειμού των άκραν,Πόντος,http://hdl.handle.net/20.500.11853/141234,"Βαλαβάνης, Ι.",Πόντος,40.0850088,23.9775837,Εσήβαμε κ σου Αύγουστον και σου σειμού των άκραν
77501,Άντραν κι άλογον ποι κ' έχ;,"Πόντος, Χαλδία",http://hdl.handle.net/20.500.11853/153560,"Μελανοφρύδης, Παντελεήμον Η.",Πόντος,40.0850088,23.9775837,Άντραν κι άλογον ποι κ' έχ;
3326,Εμάκρυνεν ο γάΙδΙαρον κ' εκόντυνεν το σαμάριν ατ,Πόντος,http://hdl.handle.net/20.500.11853/203378,"Βαλαβάνης, Ι.",Πόντος,40.0850088,23.9775837,Εμάκρυνεν ο γάΙδΙαρον κ' εκόντυνεν το σαμάριν ατ
3215,Έβαλε τεμέλιν,Πόντος,http://hdl.handle.net/20.500.11853/161282,"Βαλαβάνης, Ι.",Πόντος,40.0850088,23.9775837,Έβαλε τεμέλιν
95518,"Ξένο ψωμί, καλόκοπο μαχαίρι","Πόντος, Ινέπολη",http://hdl.handle.net/20.500.11853/199805,"Παπαδόπουλος, Άνθιμος Α.",Πόντος,40.0850088,23.9775837,"Ξένο ψωμί, καλόκοπο μαχαίρι"
90534,Εσύ είσαι τη Παναγίας η κάτα,"Πόντος, Κοτύωρα",http://hdl.handle.net/20.500.11853/196139,"Ξενίτας, Ξένου",Πόντος,40.0850088,23.9775837,Εσύ είσαι τη Παναγίας η κάτα
95723,Όλοι πάγουν 'ς σ' εμέτερα κ' εγώ 'ς ση γειτονίαν,"Πόντος, Κερασούντα",http://hdl.handle.net/20.500.11853/184552,"Παπαδόπουλος, Άνθιμος Α.",Πόντος,40.0850088,23.9775837,Όλοι πάγουν 'ς σ' εμέτερα κ' εγώ 'ς ση γειτονίαν
78023,Γαμπρέ φούστουρον τράς;,"Πόντος, Χαλδία",http://hdl.handle.net/20.500.11853/165520,"Μελίδης, Θεόδωρος",Πόντος,40.0850088,23.9775837,Γαμπρέ φούστουρον τράς;
95958,Σ' σήν ανεφορίαν το σύντεκνον ατ' κ' εγνωρίζ' και 'ς σήν κατεφορίαν το γάϊδαρον,"Πόντος, Τραπεζούντα",http://hdl.handle.net/20.500.11853/184638,"Παπαδόπουλος, Άνθιμος Α.",Πόντος,40.0850088,23.9775837,Σ' σήν ανεφορίαν το σύντεκνον ατ' κ' εγνωρίζ' και 'ς σήν κατεφορίαν το γάϊδαρον
94678,"Αρ' κανείται, είπε ο Τράτσο","Πόντος, Κοτύωρα",http://hdl.handle.net/20.500.11853/199670,"Παπαδόπουλος, Άνθιμος Α.",Πόντος,40.0850088,23.9775837,"Αρ' κανείται, είπε ο Τράτσο"
77629,Επήραν τα ρωθώνιατ αέραν,"Πόντος, Χαλδία",http://hdl.handle.net/20.500.11853/291244,"Μελανοφρύδης, Παντελεήμον Η.",Πόντος,40.0850088,23.9775837,Επήραν τα ρωθώνιατ αέραν
94816,Βροχή κι αέρας έτον,"Πόντος, Κερασούντα",http://hdl.handle.net/20.500.11853/184405,"Παπαδόπουλος, Άνθιμος Α.",Πόντος,40.0850088,23.9775837,Βροχή κι αέρας έτον
4338,Κλείδα την πόρτα σου και το γειτονά σου κλέφτα μη πιάνεις,"Πόντος, Οινόη",http://hdl.handle.net/20.500.11853/210728,"Βαμβακίδης, Ι.",Πόντος,40.0850088,23.9775837,Κλείδα την πόρτα σου και το γειτονά σου κλέφτα μη πιάνεις
3233,Έξαψεν κ' εστίλιξεν,Πόντος,http://hdl.handle.net/20.500.11853/287419,"Βαλαβάνης, Ι.",Πόντος,40.0850088,23.9775837,Έξαψεν κ' εστίλιξεν
96262,Το ποδάρ'ν ατ' 'ς σο λιθάρ' 'κ' εντώκεν,"Πόντος, Χαλδία",http://hdl.handle.net/20.500.11853/244162,"Παπαδόπουλος, Άνθιμος Α.",Πόντος,40.0850088,23.9775837,Το ποδάρ'ν ατ' 'ς σο λιθάρ' 'κ' εντώκεν
96140,Την κάταν είπαν άτεν το σκατό σ' μούσκον βοτάνιν εν κ' εχτάλεψεν κ' έθαψεν άτο,"Πόντος, Κερασούντα",http://hdl.handle.net/20.500.11853/184728,"Παπαδόπουλος, Άνθιμος Α.",Πόντος,40.0850088,23.9775837,Την κάταν είπαν άτεν το σκατό σ' μούσκον βοτάνιν εὶναι κ' εχτάλεψεν κ' έθαψεν άτο
3345,Επέμενα πουλίν 'ς σο κλαδίν,Πόντος,http://hdl.handle.net/20.500.11853/263983,"Βαλαβάνης, Ι.",Πόντος,40.0850088,23.9775837,Επέμενα πουλίν 'ς σο κλαδίν
77528,"Αναθυμεθή, και μη κατασυρμονή","Πόντος, Χαλδία",http://hdl.handle.net/20.500.11853/153558,"Μελανοφρύδης, Παντελεήμον Η.",Πόντος,40.0850088,23.9775837,"Αναθυμεθή, και μη κατασυρμονή"
94780,Αφκακές χαντσεύ,Πόντος,http://hdl.handle.net/20.500.11853/184871,"Παπαδόπουλος, Άνθιμος Α.",Πόντος,40.0850088,23.9775837,Αφκακές χαντσεύ
3673,Ο γυρευόν εγύρευεν κ έδίνεν για την ψχήν άτ,Πόντος,http://hdl.handle.net/20.500.11853/166939,"Βαλαβάνης, Ι.",Πόντος,40.0850088,23.9775837,Ο γυρευόν εγύρευεν κ έδίνεν για την ψχήν άτ
90323,Κάθκε η πομπή 'ς την Δεβαν κι αναθήκει τους διαβάτους,Πόντος,http://hdl.handle.net/20.500.11853/263903,"Ξανθουδίδης, Στέφανος Α.",Πόντος,40.0850088,23.9775837,Κάθκε η πομπή 'ς την Δεβαν κι αναθήκει τους διαβάτους
96208,Το καλόν τ' άλογον το γέμ' ν αθε αρτουρεύ',"Πόντος, Χαλδία",http://hdl.handle.net/20.500.11853/199763,"Παπαδόπουλος, Άνθιμος Α.",Πόντος,40.0850088,23.9775837,Το καλόν τ' άλογον το γέμ' ν αθε αρτουρεύ'
96219,Το κατζίν ατ' τσαρούχ' στέκ',"Πόντος, Χαλδία",http://hdl.handle.net/20.500.11853/199772,"Παπαδόπουλος, Άνθιμος Α.",Πόντος,40.0850088,23.9775837,Το κατζίν ατ' τσαρούχ' στέκ'
95624,"Ο λύκον έρθεν 'ς σά πρόγατα, άς κλαίη πού έχ' τό μαναχόν","Πόντος, Τραπεζούντα",http://hdl.handle.net/20.500.11853/184556,"Παπαδόπουλος, Άνθιμος Α.",Πόντος,40.0850088,23.9775837,"Ο λύκον έρθεν 'ς σά πρόγατα, άς κλαίη πού έχ' τό μαναχόν"
95182,Η κορώνα 'ς σην Άσπρη θάλασσαν πα αν πάη τ' ωβά 'τ'ς μαύρα είν',"Πόντος, Σάντα",http://hdl.handle.net/20.500.11853/216967,"Παπαδόπουλος, Άνθιμος Α.",Πόντος,40.0850088,23.9775837,Η κορώνα 'ς σην Άσπρη θάλασσαν πα αν πάη τ' ωβά 'τ'ς μαύρα είν'
4070,Την ημέραν μιαν φά κι άμον εμέν δούλον ας έγης,Πόντος,http://hdl.handle.net/20.500.11853/166863,"Βαλαβάνης, Ι.",Πόντος,40.0850088,23.9775837,Την ημέραν μιαν φά κι άμον εμέν δούλον ας έγης
95863,Ποιος βάλλ' το χέρ΄ν ατ' 'ς σο μέλ' και 'κι λείχ' τα δάχτυλα 'τ',"Πόντος, Τραπεζούντα",http://hdl.handle.net/20.500.11853/217323,"Παπαδόπουλος, Άνθιμος Α.",Πόντος,40.0850088,23.9775837,Ποιος βάλλ' το χέρ΄ν ατ' 'ς σο μέλ' και 'κι λείχ' τα δάχτυλα 'τ'
97342,Ώβασον κ' επ' εκεί κακάντσον,Πόντος,http://hdl.handle.net/20.500.11853/268390,"Παπανανιάδης, Ελευθέριος",Πόντος,40.0850088,23.9775837,Ώβασον κ' επ' εκεί κακάντσον
95435,Με το στόμα του πουλλία πιάνει,"Πόντος, Ινέπολη",http://hdl.handle.net/20.500.11853/243989,"Παπαδόπουλος, Άνθιμος Α.",Πόντος,40.0850088,23.9775837,Με το στόμα του πουλλία πιάνει
95491,Ναμκιόρα κάτα,"Πόντος, Ινέπολη",http://hdl.handle.net/20.500.11853/184642,"Παπαδόπουλος, Άνθιμος Α.",Πόντος,40.0850088,23.9775837,Ναμκιόρα κάτα
95937,΄Σ σο κιφάλι του φέσι ΄κ΄ έχει και ΄ς τον κώλο του καλούπι υρεύει,"Πόντος, Ινέπολη",http://hdl.handle.net/20.500.11853/184505,"Παπαδόπουλος, Άνθιμος Α.",Πόντος,40.0850088,23.9775837,΄Σ σο κιφάλι του φέσι ΄κ΄ έχει και ΄ς τον κώλο του καλούπι υρεύει
77955,Το ξένον τ' αλόγου ποι καβαλκέβ' αγλύγωρα κατηβαίν',"Πόντος, Χαλδία",http://hdl.handle.net/20.500.11853/206844,"Μελανοφρύδης, Παντελεήμον Η.",Πόντος,40.0850088,23.9775837,Το ξένον τ' αλόγου ποι καβαλκέβ' αγλύγωρα κατηβαίν'
95250,Θεόν 'κι θυμάζ!,"Πόντος, Χαλδία",http://hdl.handle.net/20.500.11853/184132,"Παπαδόπουλος, Άνθιμος Α.",Πόντος,40.0850088,23.9775837,Θεόν 'κι θυμάζ!
94794,"Βαρέα μη λεγνόντς, τζακούνταν τα μέσα σ",Πόντος,http://hdl.handle.net/20.500.11853/217160,"Παπαδόπουλος, Άνθιμος Α.",Πόντος,40.0850088,23.9775837,"Βαρέα μη λεγνόντς, τζακούνταν τα μέσα σ"
96365,"Τράντα χρονών λιβρόν κορίτσ' λεν ατεν παλαιγραία, κλίσκεται και χεροφιλεί, ρούζ'νε τα μασωτέρα 'τ'ς","Πόντος, Χαλδία",http://hdl.handle.net/20.500.11853/217518,"Παπαδόπουλος, Άνθιμος Α.",Πόντος,40.0850088,23.9775837,"Τράντα χρονών λιβρόν κορίτσ' λεν ατεν παλαιγραία, κλίσκεται και χεροφιλεί, ρούζ'νε τα μασωτέρα 'τ'ς"
78095,Το κορίτσ να εφήναν ατο γιά λιριτσήν παιρ γιά ταγουλτσήν,"Πόντος, Χαλδία",http://hdl.handle.net/20.500.11853/271467,"Μελίδης, Θεόδωρος",Πόντος,40.0850088,23.9775837,Το κορίτσ να εφήναν ατο γιά λιριτσήν παιρ γιά ταγουλτσήν
94889,Έϊ γουρπάν 'ς ση λαλία σ' και 'ς σην καλατζία σ'!,"Πόντος, Κοτύωρα",http://hdl.handle.net/20.500.11853/217187,"Παπαδόπουλος, Άνθιμος Α.",Πόντος,40.0850088,23.9775837,Έϊ γουρπάν 'ς ση λαλία σ' και 'ς σην καλατζία σ'!
95593,"Ο καλός ο μύλος ό,τι εύρη αλέθει","Πόντος, Ινέπολη",http://hdl.handle.net/20.500.11853/217241,"Παπαδόπουλος, Άνθιμος Α.",Πόντος,40.0850088,23.9775837,"Ο καλός ο μύλος ό,τι εύρη αλέθει"
96244,Το μωρό αμούδα κλαίη βυζί ου δίγουν α,"Πόντος, Όφις",http://hdl.handle.net/20.500.11853/199787,"Παπαδόπουλος, Άνθιμος Α.",Πόντος,40.0850088,23.9775837,Το μωρό αμούδα κλαίη βυζί ο δίγουν α
3789,Όποιος ολιγωρεί ν' αρχοντύνη συγερά την εφτωσίαν,Πόντος,http://hdl.handle.net/20.500.11853/141218,"Βαλαβάνης, Ι.",Πόντος,40.0850088,23.9775837,Όποιος ολιγωρεί ν' αρχοντύνη συγερά την εφτωσίαν
77856,Σκυλί κοτσίματα,"Πόντος, Χαλδία",http://hdl.handle.net/20.500.11853/264314,"Μελανοφρύδης, Παντελεήμον Η.",Πόντος,40.0850088,23.9775837,Σκυλί κοτσίματα
77292,"Ένα παιδί, παιδί είναι;","Πόντος, Μεσημβρία",http://hdl.handle.net/20.500.11853/160611,"Μέγας, Γ. Α.",Πόντος,40.0850088,23.9775837,"Ένα παιδί, παιδί είναι;"
77922,Τη Σιασκάλ' τον πάρδον παίρνω κι ασή Μαυρενα κ' εβγαίνω,"Πόντος, Χαλδία",http://hdl.handle.net/20.500.11853/264328,"Μελανοφρύδης, Παντελεήμον Η.",Πόντος,40.0850088,23.9775837,Τη Σιασκάλ' τον πάρδον παίρνω κι ασή Μαυρενα κ' εβγαίνω
78010,"Αν έζησες, έζησες κι αν κ' έζησες απ' εκεί πλάν' χωρίον κ' εν","Πόντος, Χαλδία",http://hdl.handle.net/20.500.11853/165513,"Μελίδης, Θεόδωρος",Πόντος,40.0850088,23.9775837,"Αν έζησες, έζησες κι αν κ' έζησες απ' εκεί πλάν' χωρίον κ' εὶναι"
95111,Εφτά σάβανα έγρασεν,"Πόντος, Χαλδία",http://hdl.handle.net/20.500.11853/243960,"Παπαδόπουλος, Άνθιμος Α.",Πόντος,40.0850088,23.9775837,Εφτά σάβανα έγρασεν
3824,Ομάλια δέβα,Πόντος,http://hdl.handle.net/20.500.11853/166891,"Βαλαβάνης, Ι.",Πόντος,40.0850088,23.9775837,Ομάλια δέβα
3426,Η κακέσα η νύφε τημ πεθεράν αίτς σ'αποδαύλια καθίζει,Πόντος,http://hdl.handle.net/20.500.11853/287655,"Βαλαβάνης, Ι.",Πόντος,40.0850088,23.9775837,Η κακέσα η νύφε τημ πεθεράν αίτς σ'αποδαύλια καθίζει
77816,"Ούντι αν γίνεται ο κόσμος, γίνετια και ο Κοσμάς","Πόντος, Χαλδία",http://hdl.handle.net/20.500.11853/272170,"Μελανοφρύδης, Παντελεήμον Η.",Πόντος,40.0850088,23.9775837,"Ούντι αν γίνεται ο κόσμος, γίνετια και ο Κοσμάς"
95560,Ο Θεόν δί' τα φάβατα που 'κ' έχ΄ δόντια να τρώη άτα,"Πόντος, Χαλδία",http://hdl.handle.net/20.500.11853/184512,"Παπαδόπουλος, Άνθιμος Α.",Πόντος,40.0850088,23.9775837,Ο Θεόν δί' τα φάβατα που 'κ' έχ΄ δόντια να τρώη άτα
95428,Με το κοκκινόκωλον το κερίν εκαλέσανε σε!,"Πόντος, Κερασούντα",http://hdl.handle.net/20.500.11853/199647,"Παπαδόπουλος, Άνθιμος Α.",Πόντος,40.0850088,23.9775837,Με το κοκκινόκωλον το κερίν εκαλέσανε σε!
94996,Εθαρρείς κι έσκισες το μήλον κ' εποίκες α δύο,"Πόντος, Χαλδία",http://hdl.handle.net/20.500.11853/217185,"Παπαδόπουλος, Άνθιμος Α.",Πόντος,40.0850088,23.9775837,Εθαρρείς κι έσκισες το μήλον κ' εποίκες α δύο
95230,Ήνταν στέν' νε τα τεμέλα προσκυνούν τα κεραμίδα,"Πόντος, Τραπεζούντα",http://hdl.handle.net/20.500.11853/184116,"Παπαδόπουλος, Άνθιμος Α.",Πόντος,40.0850088,23.9775837,Ήνταν στέν' νε τα τεμέλα προσκυνούν τα κεραμίδα
94832,Για λάμψον για θα λάμπω (ή λάμψε ή θα λάμψω),"Πόντος, Χαλδία",http://hdl.handle.net/20.500.11853/217165,"Παπαδόπουλος, Άνθιμος Α.",Πόντος,40.0850088,23.9775837,Για λάμψον για θα λάμπω (ή λάμψε ή θα λάμψω)
94500,Άλλος τρώει κι άλλος λείχ' τα χείλα 'τ',"Πόντος, Χαλδία",http://hdl.handle.net/20.500.11853/184250,"Παπαδόπουλος, Άνθιμος Α.",Πόντος,40.0850088,23.9775837,Άλλος τρώει κι άλλος λείχ' τα χείλα 'τ'
77619,"Εκατεθάρρεσαμ' σον Θον έμουν, κι ο Θοε έμουν πα επιδέβε μας","Πόντος, Χαλδία",http://hdl.handle.net/20.500.11853/173088,"Μελανοφρύδης, Παντελεήμον Η.",Πόντος,40.0850088,23.9775837,"Εκατεθάρρεσαμ' σον Θον έμουν, κι ο Θοε έμουν πα επιδέβε μας"
95294,Και τη μυρμήκαν καταγλαθάζει,"Πόντος, Κερασούντα",http://hdl.handle.net/20.500.11853/217010,"Παπαδόπουλος, Άνθιμος Α.",Πόντος,40.0850088,23.9775837,Και τη μυρμήκαν καταγλαθάζει
96191,"Το θα εβγαίν' τ' όνομα σ', ας εβγαίν' ν' τ' ομμάτα σ'","Πόντος, Χαλδία",http://hdl.handle.net/20.500.11853/199760,"Παπαδόπουλος, Άνθιμος Α.",Πόντος,40.0850088,23.9775837,"Το θα εβγαίν' τ' όνομα σ', ας εβγαίν' ν' τ' ομμάτα σ'"
95551,Ο ζαντόν πα τ' αχούλ'ν ατ' επεγιανεύτεν,"Πόντος, Χαλδία",http://hdl.handle.net/20.500.11853/217531,"Παπαδόπουλος, Άνθιμος Α.",Πόντος,40.0850088,23.9775837,Ο ζαντόν πα τ' αχούλ'ν ατ' επεγιανεύτεν
3370,Ετάραξεν κ' η κοσκινού τον άνδρα της με τους πραματευτάδες,Πόντος,http://hdl.handle.net/20.500.11853/263985,"Βαλαβάνης, Ι.",Πόντος,40.0850088,23.9775837,Ετάραξεν κ' η κοσκινού τον άνδρα της με τους πραματευτάδες
4294,"Έχασα νύφεν και γαμπρό, τα δυο παιδιά μου έχω","Πόντος, Οινόη",http://hdl.handle.net/20.500.11853/191066,"Βαμβακίδης, Ι.",Πόντος,40.0850088,23.9775837,"Έχασα νύφεν και γαμπρό, τα δυο παιδιά μου έχω"
4080,"Τιού σε, διάβολε",Πόντος,http://hdl.handle.net/20.500.11853/166807,"Βαλαβάνης, Ι.",Πόντος,40.0850088,23.9775837,"Τιού σε, διάβολε"
3223,Έμαθες της γραίας τα μήλα,Πόντος,http://hdl.handle.net/20.500.11853/263901,"Βαλαβάνης, Ι.",Πόντος,40.0850088,23.9775837,Έμαθες της γραίας τα μήλα
4335,"Καλό φαΐν πάλι να ένι, μισίεται","Πόντος, Οινόη",http://hdl.handle.net/20.500.11853/246384,"Βαμβακίδης, Ι.",Πόντος,40.0850088,23.9775837,"Καλό φαΐν πάλι να ένι, μισίεται"
3678,Ο ήλιον εδιαστόλισεν,Πόντος,http://hdl.handle.net/20.500.11853/166760,"Βαλαβάνης, Ι.",Πόντος,40.0850088,23.9775837,Ο ήλιον εδιαστόλισεν
4300,Εδώκανε σε πρόσωπον και θέλεις και τ' αστάρι,"Πόντος, Οινόη",http://hdl.handle.net/20.500.11853/191071,"Βαμβακίδης, Ι.",Πόντος,40.0850088,23.9775837,Εδώκανε σε πρόσωπον και θέλεις και τ' αστάρι
3834,Ούμπαν γάμος και συ παράνυμφος,Πόντος,http://hdl.handle.net/20.500.11853/141085,"Βαλαβάνης, Ι.",Πόντος,40.0850088,23.9775837,Ούμπαν γάμος και συ παράνυμφος
94619,"Αν εν, Χριστός ανέστη, αν 'κ' εν, θάνατον πατήσας","Πόντος, Κοτύωρα",http://hdl.handle.net/20.500.11853/184272,"Παπαδόπουλος, Άνθιμος Α.",Πόντος,40.0850088,23.9775837,"Αν εὶναι, Χριστός ανέστη, αν 'κ' εὶναι, θάνατον πατήσας"
94896,Έκλασεν η κάτα 'ς ση θάλασσαν κ' εποίκεν μερτικόν,"Πόντος, Σάντα",http://hdl.handle.net/20.500.11853/199683,"Παπαδόπουλος, Άνθιμος Α.",Πόντος,40.0850088,23.9775837,Έκλασεν η κάτα 'ς ση θάλασσαν κ' εποίκεν μερτικόν
3787,Όποιος καυκάται να πάγη 'ς σομύδια σέσκεται έως τ' οφρύδια,Πόντος,http://hdl.handle.net/20.500.11853/203404,"Βαλαβάνης, Ι.",Πόντος,40.0850088,23.9775837,Όποιος καυκάται να πάγη 'ς σομύδια σέσκεται έως τ' οφρύδια
3314,Εκοιμέθεν η καντήλα,Πόντος,http://hdl.handle.net/20.500.11853/203368,"Βαλαβάνης, Ι.",Πόντος,40.0850088,23.9775837,Εκοιμέθεν η καντήλα
95950,Σ της αρκούδας τον κώλο κι άλλο λίπος αλείφεις,"Πόντος, Χαλδία",http://hdl.handle.net/20.500.11853/184629,"Παπαδόπουλος, Άνθιμος Α.",Πόντος,40.0850088,23.9775837,Σ της αρκούδας τον κώλο κι άλλο λίπος αλείφεις
3088,Απάν ς σα πουδαρομύτια τ πορπατεί,Πόντος,http://hdl.handle.net/20.500.11853/264034,"Βαλαβάνης, Ι.",Πόντος,40.0850088,23.9775837,Απάν ς σα πουδαρομύτια τ πορπατεί
96238,Το μέλ' π' ευκαιρών λείχ΄ τα δάχτυλα 'τ',"Πόντος, Κοτύωρα",http://hdl.handle.net/20.500.11853/217453,"Παπαδόπουλος, Άνθιμος Α.",Πόντος,40.0850088,23.9775837,Το μέλ' π' ευκαιρών λείχ΄ τα δάχτυλα 'τ'
90554,Το τραντάφυλλον πα έχ' αχάντια,"Πόντος, Κοτύωρα",http://hdl.handle.net/20.500.11853/196148,"Ξενίτας, Ξένου",Πόντος,40.0850088,23.9775837,Το τραντάφυλλον πα έχ' αχάντια
77779,Ο λύκον πρόγατον κι γίνεται,"Πόντος, Χαλδία",http://hdl.handle.net/20.500.11853/173178,"Μελανοφρύδης, Παντελεήμον Η.",Πόντος,40.0850088,23.9775837,Ο λύκον πρόγατον κι γίνεται
4242,Α σο πολλά το κυριελέησον εχάσα τα 'ξιπέντε,"Πόντος, Οινόη",http://hdl.handle.net/20.500.11853/246373,"Βαμβακίδης, Ι.",Πόντος,40.0850088,23.9775837,Α σο πολλά το κυριελέησον εχάσα τα 'ξιπέντε
96393,Χολά 'σκουμαι; κρούγω σε χαλά 'σκεσαι; κρούγω σε,Πόντος,http://hdl.handle.net/20.500.11853/217588,"Παπαδόπουλος, Άνθιμος Α.",Πόντος,40.0850088,23.9775837,Χολά 'σκουμαι; κρούγω σε χαλά 'σκεσαι; κρούγω σε
95654,Ο οκνέας άνθρωπο φορτούται βαρύ γομάρ΄,"Πόντος, Όφις",http://hdl.handle.net/20.500.11853/217296,"Παπαδόπουλος, Άνθιμος Α.",Πόντος,40.0850088,23.9775837,Ο οκνέας άνθρωπο φορτούται βαρύ γομάρ΄
94714,Ας ση ξέρου τη ξυλί τον φόνον καίεται και το ζογρόν,"Πόντος, Χαλδία",http://hdl.handle.net/20.500.11853/217141,"Παπαδόπουλος, Άνθιμος Α.",Πόντος,40.0850088,23.9775837,Ας ση ξέρου τη ξυλί τον φόνον καίεται και το ζογρόν
78048,Θα κόφς το κιφάλιν αθες και το κιφάλιν αθε,"Πόντος, Χαλδία",http://hdl.handle.net/20.500.11853/202667,"Μελίδης, Θεόδωρος",Πόντος,40.0850088,23.9775837,Θα κόφς το κιφάλιν αθες και το κιφάλιν αθε
4045,Τη Κουκουλίτ' ο γάμον,Πόντος,http://hdl.handle.net/20.500.11853/141152,"Βαλαβάνης, Ι.",Πόντος,40.0850088,23.9775837,Τη Κουκουλίτ' ο γάμον
95100,Εύκαιρον σακκίν ΄ς σα ποδάρα΄κι στεκ,"Πόντος, Χαλδία",http://hdl.handle.net/20.500.11853/184051,"Παπαδόπουλος, Άνθιμος Α.",Πόντος,40.0850088,23.9775837,Εύκαιρον σακκίν ΄ς σα ποδάρα΄κι στεκ
4328,"Θρέψε την κορόνα, να βγάλει τα μάτια σου","Πόντος, Οινόη",http://hdl.handle.net/20.500.11853/191084,"Βαμβακίδης, Ι.",Πόντος,40.0850088,23.9775837,"Θρέψε την κορόνα, να βγάλει τα μάτια σου"
4049,"Τη λογ ατς νύφε γίνεται, τη λογ ατς στεφανούται",Πόντος,http://hdl.handle.net/20.500.11853/201741,"Βαλαβάνης, Ι.",Πόντος,40.0850088,23.9775837,"Τη λογ ατς νύφε γίνεται, τη λογ ατς στεφανούται"
77963,Το ράμμα μ' εποΓιατσα,"Πόντος, Χαλδία",http://hdl.handle.net/20.500.11853/264324,"Μελανοφρύδης, Παντελεήμον Η.",Πόντος,40.0850088,23.9775837,Το ράμμα μ' εποΓιατσα
95306,Καλόν σκαμνίν πη θήκ' για τ΄εκείνον θηκ' άτο,"Πόντος, Χαλδία",http://hdl.handle.net/20.500.11853/184025,"Παπαδόπουλος, Άνθιμος Α.",Πόντος,40.0850088,23.9775837,Καλόν σκαμνίν πη θήκ' για τ΄εκείνον θηκ' άτο
77916,Τη κόλασις τα τεμέλια επήρα,"Πόντος, Χαλδία",http://hdl.handle.net/20.500.11853/206825,"Μελανοφρύδης, Παντελεήμον Η.",Πόντος,40.0850088,23.9775837,Τη κόλασις τα τεμέλια επήρα
95743,Όποιος γίνεται πρόγατον τρώει άτον ο λύκον,"Πόντος, Χαλδία",http://hdl.handle.net/20.500.11853/244078,"Παπαδόπουλος, Άνθιμος Α.",Πόντος,40.0850088,23.9775837,Όποιος γίνεται πρόγατον τρώει άτον ο λύκον
95020,Εκατεθάρρεσαμ' 'ς σον Θον έμου κι ο Θος έμου πα επιδέβε μας,"Πόντος, Χαλδία",http://hdl.handle.net/20.500.11853/184465,"Παπαδόπουλος, Άνθιμος Α.",Πόντος,40.0850088,23.9775837,Εκατεθάρρεσαμ' 'ς σον Θον έμου κι ο Θος έμου πα επιδέβε μας
96172,Το βρακί μ' σύρτς παίρτς,"Πόντος, Κοτύωρα",http://hdl.handle.net/20.500.11853/184745,"Παπαδόπουλος, Άνθιμος Α.",Πόντος,40.0850088,23.9775837,Το βρακί μ' σύρτς παίρτς
2091,Ηλιομάραντον μοιάζει,"Πόντος, Οινόη",http://hdl.handle.net/20.500.11853/198350,Αντωνιάδης,Πόντος,40.0850088,23.9775837,Ηλιομάραντον μοιάζει
77835,"Ποίος νυφίτσα 'νέλαξεν, 'πέμνεν αναλαγμέντσα;","Πόντος, Χαλδία",http://hdl.handle.net/20.500.11853/153619,"Μελανοφρύδης, Παντελεήμον Η.",Πόντος,40.0850088,23.9775837,"Ποίος νυφίτσα 'νέλαξεν, 'πέμνεν αναλαγμέντσα;"
95623,Ο λύκον ας σα μετρεμένα πα τρώει,"Πόντος, Σάντα",http://hdl.handle.net/20.500.11853/217273,"Παπαδόπουλος, Άνθιμος Α.",Πόντος,40.0850088,23.9775837,Ο λύκον ας σα μετρεμένα πα τρώει
95033,Εκυλίεν η τέντζερη κ' εύρεν το γαπάχ,"Πόντος, Κοτύωρα",http://hdl.handle.net/20.500.11853/184470,"Παπαδόπουλος, Άνθιμος Α.",Πόντος,40.0850088,23.9775837,Εκυλίεν η τέντζερη κ' εύρεν το γαπάχ
95678,Ο σκύλλον να ελέπ' να υλάζ',"Πόντος, Κερασούντα",http://hdl.handle.net/20.500.11853/244091,"Παπαδόπουλος, Άνθιμος Α.",Πόντος,40.0850088,23.9775837,Ο σκύλλον να ελέπ' να υλάζ'
95671,Ο σημερ'νός εν' κι αυριζ'νός 'κ' εν',"Πόντος, Τραπεζούντα",http://hdl.handle.net/20.500.11853/244085,"Παπαδόπουλος, Άνθιμος Α.",Πόντος,40.0850088,23.9775837,Ο σημερ'νός εὶναι κι αυριζ'νός 'κ' εὶναι
77520,Αλείφτια σο κατσίν ατ',"Πόντος, Χαλδία",http://hdl.handle.net/20.500.11853/153566,"Μελανοφρύδης, Παντελεήμον Η.",Πόντος,40.0850088,23.9775837,Αλείφτια σο κατσίν ατ'
77859,Σο ράμμανσο βελόν' μεχτάτζ,"Πόντος, Χαλδία",http://hdl.handle.net/20.500.11853/153627,"Μελανοφρύδης, Παντελεήμον Η.",Πόντος,40.0850088,23.9775837,Σο ράμμανσο βελόν' μεχτάτζ
4117,Το μωρόν ους να κι κλαίει τσιτσίν κι δίγν άτο,Πόντος,http://hdl.handle.net/20.500.11853/202181,"Βαλαβάνης, Ι.",Πόντος,40.0850088,23.9775837,Το μωρόν ους να κι κλαίει τσιτσίν κι δίγν άτο
94622,"Αν σε ήρτε φάνταγμα, Θεοτόκε Παρθένε!","Πόντος, Ινέπολη",http://hdl.handle.net/20.500.11853/184279,"Παπαδόπουλος, Άνθιμος Α.",Πόντος,40.0850088,23.9775837,"Αν σε ήρτε φάνταγμα, Θεοτόκε Παρθένε!"
4111,Το λόγο μ ας σο κιφάλ έκοψεν,Πόντος,http://hdl.handle.net/20.500.11853/202186,"Βαλαβάνης, Ι.",Πόντος,40.0850088,23.9775837,Το λόγο μ ας σο κιφάλ έκοψεν
4167,"Τολ λύκον ερώτεσαν, Πρόβατα ωριάγεις; κ' εκείνος η τέχνη μ' ατό εν... είπεν",Πόντος,http://hdl.handle.net/20.500.11853/277233,"Βαλαβάνης, Ι.",Πόντος,40.0850088,23.9775837,"Τολ λύκον ερώτεσαν, Πρόβατα ωριάγεις; κ' εκείνος η τέχνη μ' ατό εὶναι... είπεν"
95936,Σ σο ζεστόν π'εκάεν εφύσεσεν και 'ς σο κρύον,"Πόντος, Τραπεζούντα",http://hdl.handle.net/20.500.11853/217360,"Παπαδόπουλος, Άνθιμος Α.",Πόντος,40.0850088,23.9775837,Σ σο ζεστόν π'εκάεν εφύσεσεν και 'ς σο κρύον
77645,Ευρές τον γιατρόν ποι θα γιατρεύ τ' ομμάτια σ',"Πόντος, Χαλδία",http://hdl.handle.net/20.500.11853/153589,"Μελανοφρύδης, Παντελεήμον Η.",Πόντος,40.0850088,23.9775837,Ευρές τον γιατρόν ποι θα γιατρεύ τ' ομμάτια σ'
96081,Τα παλαιά τ' άχυρα βορρίζεις,"Πόντος, Κερασούντα",http://hdl.handle.net/20.500.11853/184683,"Παπαδόπουλος, Άνθιμος Α.",Πόντος,40.0850088,23.9775837,Τα παλαιά τ' άχυρα βορρίζεις
95827,Παραθεόν πα χα έης,"Πόντος, Κοτύωρα",http://hdl.handle.net/20.500.11853/244110,"Παπαδόπουλος, Άνθιμος Α.",Πόντος,40.0850088,23.9775837,Παραθεόν πα χα έης
96154,Της Αγίας Κερεκής τ' άψιμον,Πόντος,http://hdl.handle.net/20.500.11853/184734,"Παπαδόπουλος, Άνθιμος Α.",Πόντος,40.0850088,23.9775837,Της Αγίας Κερεκής τ' άψιμον
3627,Μίαν εξήβα 'ς σομ κλεψείον και ατότε φέγγον έτον,Πόντος,http://hdl.handle.net/20.500.11853/203356,"Βαλαβάνης, Ι.",Πόντος,40.0850088,23.9775837,Μίαν εξήβα 'ς σομ κλεψείον και ατότε φέγγον έτον
3763,Όλα όλα έντεκα είν',Πόντος,http://hdl.handle.net/20.500.11853/163830,"Βαλαβάνης, Ι.",Πόντος,40.0850088,23.9775837,Όλα όλα έντεκα είν'
3274,Εγένουμουν απάν τη γης,Πόντος,http://hdl.handle.net/20.500.11853/166758,"Βαλαβάνης, Ι.",Πόντος,40.0850088,23.9775837,Εγένουμουν απάν τη γης
3556,Κρίμαν σσο βούδ ντο έσπαξα και σηγ ντ' εποίκα,Πόντος,http://hdl.handle.net/20.500.11853/273441,"Βαλαβάνης, Ι.",Πόντος,40.0850088,23.9775837,Κρίμαν σσο βούδ τι έσπαξα και σηγ ντ' εποίκα
96269,Το ποτάμ' αποπάν' εν θρασκεμένον κι αποφκά ήσυχον,"Πόντος, Τραπεζούντα",http://hdl.handle.net/20.500.11853/244068,"Παπαδόπουλος, Άνθιμος Α.",Πόντος,40.0850088,23.9775837,Το ποτάμ' αποπάν' εὶναι θρασκεμένον κι αποφκά ήσυχον
95975,Σε ξένο άλογο που κάτση αγλήορα κατεβαίνει,"Πόντος, Ινέπολη",http://hdl.handle.net/20.500.11853/199730,"Παπαδόπουλος, Άνθιμος Α.",Πόντος,40.0850088,23.9775837,Σε ξένο άλογο που κάτση αγλήορα κατεβαίνει
94663,Από την αρκούδα και μια τρίχα να ξεριζώσης καλό είναι,Πόντος,http://hdl.handle.net/20.500.11853/184358,"Παπαδόπουλος, Άνθιμος Α.",Πόντος,40.0850088,23.9775837,Από την αρκούδα και μια τρίχα να ξεριζώσης καλό είναι
3902,Σ αλώνον ατ νε βρέσ' νε σιονίζ,Πόντος,http://hdl.handle.net/20.500.11853/141142,"Βαλαβάνης, Ι.",Πόντος,40.0850088,23.9775837,Σ αλώνον ατ νε βρέσ' νε σιονίζ
95238,Ήντσαν τρέχ' 'ς σήν αρχοντίαν συερά την εφτωχίαν,"Πόντος, Τραπεζούντα",http://hdl.handle.net/20.500.11853/184119,"Παπαδόπουλος, Άνθιμος Α.",Πόντος,40.0850088,23.9775837,Ήντσαν τρέχ' 'ς σήν αρχοντίαν συερά την εφτωχίαν
3904,Σ ατόν επεκρεμάστα,Πόντος,http://hdl.handle.net/20.500.11853/273431,"Βαλαβάνης, Ι.",Πόντος,40.0850088,23.9775837,Σ ατόν επεκρεμάστα
96132,Την αρκούδα την έστειλαν 'ς το δάσος και φορτώθηκε όλο το δάσος,"Πόντος, Κερασούντα",http://hdl.handle.net/20.500.11853/184779,"Παπαδόπουλος, Άνθιμος Α.",Πόντος,40.0850088,23.9775837,Την αρκούδα την έστειλαν 'ς το δάσος και φορτώθηκε όλο το δάσος
96272,"Το πρόβαν 'κ' έμαθα, τ' αιίζ' κάπως λέγ'νε","Πόντος, Κρώμνη",http://hdl.handle.net/20.500.11853/184799,"Παπαδόπουλος, Άνθιμος Α.",Πόντος,40.0850088,23.9775837,"Το πρόβαν 'κ' έμαθα, τ' αιίζ' κάπως λέγ'νε"
78063,Να σέης τ ΄ αχούλια σ δέσκαλε μετ΄ ένα γορόσ΄ λείψανον σκούται ;,"Πόντος, Χαλδία",http://hdl.handle.net/20.500.11853/165511,"Μελίδης, Θεόδωρος",Πόντος,40.0850088,23.9775837,Να σέης τ ΄ αχούλια σ δέσκαλε μετ΄ ένα γορόσ΄ λείψανον σκούται ;
3147,Ας στην οκνίαν τ΄ τον γάιδαρον “ταϊ” κουγίζει,Πόντος,http://hdl.handle.net/20.500.11853/289023,"Βαλαβάνης, Ι.",Πόντος,40.0850088,23.9775837,Ας στην οκνίαν τ΄ τον γάιδαρον “ταϊ” κουγίζει
95807,Π' εθέλεσεν κ' επέθανε τη γην χαράν εποίκεν,"Πόντος, Τραπεζούντα",http://hdl.handle.net/20.500.11853/244115,"Παπαδόπουλος, Άνθιμος Α.",Πόντος,40.0850088,23.9775837,Π' εθέλεσεν κ' επέθανε τη γην χαράν εποίκεν
95181,Η κορώνα 'κι φτάει πάντα το μαύρον το χαβγιάριν,"Πόντος, Κερασούντα",http://hdl.handle.net/20.500.11853/216966,"Παπαδόπουλος, Άνθιμος Α.",Πόντος,40.0850088,23.9775837,Η κορώνα 'κι φτάει πάντα το μαύρον το χαβγιάριν
4120,Το νερόν ας σο κεφαλίν κόφκεται,Πόντος,http://hdl.handle.net/20.500.11853/270851,"Βαλαβάνης, Ι.",Πόντος,40.0850088,23.9775837,Το νερόν ας σο κεφαλίν κόφκεται
94930,Έργατα και δουλείας,"Πόντος, Τραπεζούντα",http://hdl.handle.net/20.500.11853/184030,"Παπαδόπουλος, Άνθιμος Α.",Πόντος,40.0850088,23.9775837,Έργατα και δουλείας
97260,Άε Νικόλα κώλεα χασέβ,Πόντος,http://hdl.handle.net/20.500.11853/156652,"Παπανανιάδης, Ελευθέριος",Πόντος,40.0850088,23.9775837,Άε Νικόλα κώλεα χασέβ
77978,Τον γάιδαρο μ' από τσιαμούρ εξένκα,"Πόντος, Χαλδία",http://hdl.handle.net/20.500.11853/153640,"Μελανοφρύδης, Παντελεήμον Η.",Πόντος,40.0850088,23.9775837,Τον γάιδαρο μ' από τσιαμούρ εξένκα
2998,Άκωλον πιθάριν,Πόντος,http://hdl.handle.net/20.500.11853/203363,"Βαλαβάνης, Ι.",Πόντος,40.0850088,23.9775837,Άκωλον πιθάριν
94732,Ας σο ράμμαν 'ς σο βελόνιν,"Πόντος, Κερασούντα",http://hdl.handle.net/20.500.11853/184353,"Παπαδόπουλος, Άνθιμος Α.",Πόντος,40.0850088,23.9775837,Ας σο ράμμαν 'ς σο βελόνιν
78078,Παιδίν ας έχωμε και κώλον μ' εσ',"Πόντος, Χαλδία",http://hdl.handle.net/20.500.11853/264271,"Μελίδης, Θεόδωρος",Πόντος,40.0850088,23.9775837,Παιδίν ας έχωμε και κώλον μ' εσ'
95628,Ο λύκον κουζούμ' κι φυλάττ',"Πόντος, Χαλδία",http://hdl.handle.net/20.500.11853/217274,"Παπαδόπουλος, Άνθιμος Α.",Πόντος,40.0850088,23.9775837,Ο λύκον κουζούμ' κι φυλάττ'
96255,Το ξύλον ας σον παράδεισον εζήβεν,"Πόντος, Ινέπολη",http://hdl.handle.net/20.500.11853/217485,"Παπαδόπουλος, Άνθιμος Α.",Πόντος,40.0850088,23.9775837,Το ξύλον ας σον παράδεισον εζήβεν
94613,"Αν 'κ' έης κοκκένεν ψβμίν, ας έης κοκκένεν γλώσσαν","Πόντος, Χαλδία",http://hdl.handle.net/20.500.11853/184277,"Παπαδόπουλος, Άνθιμος Α.",Πόντος,40.0850088,23.9775837,"Αν 'κ' έης κοκκένεν ψβμίν, ας έης κοκκένεν γλώσσαν"
95935,Σ σο γάλαν π'εκάεν εφύσεσεν και 'ς σο ταν',"Πόντος, Χαλδία",http://hdl.handle.net/20.500.11853/217359,"Παπαδόπουλος, Άνθιμος Α.",Πόντος,40.0850088,23.9775837,Σ σο γάλαν π'εκάεν εφύσεσεν και 'ς σο ταν'
2997,Άκουσον κ' ύστερον κρίνον,Πόντος,http://hdl.handle.net/20.500.11853/141210,"Βαλαβάνης, Ι.",Πόντος,40.0850088,23.9775837,Άκουσον κ' ύστερον κρίνον
3857,Πίστη και νόμον κ' έσ',Πόντος,http://hdl.handle.net/20.500.11853/203419,"Βαλαβάνης, Ι.",Πόντος,40.0850088,23.9775837,Πίστη και νόμον κ' έσ'
95571,Ο Θεός άδικα θωρεί και δίκαια κρίνει,"Πόντος, Ινέπολη",http://hdl.handle.net/20.500.11853/184522,"Παπαδόπουλος, Άνθιμος Α.",Πόντος,40.0850088,23.9775837,Ο Θεός άδικα θωρεί και δίκαια κρίνει
95050,Εννέα Ιμερίτ' και δέκα παρχανάδας,"Πόντος, Χαλδία",http://hdl.handle.net/20.500.11853/184489,"Παπαδόπουλος, Άνθιμος Α.",Πόντος,40.0850088,23.9775837,Εννέα Ιμερίτ' και δέκα παρχανάδας
96097,Ταν ταν κοιλία εύκαιρον και δόντα 'κονεμένα,"Πόντος, Κερασούντα",http://hdl.handle.net/20.500.11853/199751,"Παπαδόπουλος, Άνθιμος Α.",Πόντος,40.0850088,23.9775837,Ταν ταν κοιλία εύκαιρον και δόντα 'κονεμένα
77519,Αλάλετος γάιδαρος σον γάμον καλεσμένος,"Πόντος, Χαλδία",http://hdl.handle.net/20.500.11853/153548,"Μελανοφρύδης, Παντελεήμον Η.",Πόντος,40.0850088,23.9775837,Αλάλετος γάιδαρος σον γάμον καλεσμένος
80385,Τέρ' την μάναν κ' έπαρ' το παιδίν,Πόντος,http://hdl.handle.net/20.500.11853/213797,Μουτίδης,Πόντος,40.0850088,23.9775837,Τέρ' την μάναν κ' έπαρ' το παιδίν
3562,Κωδώνιν λαλίαν έσει,Πόντος,http://hdl.handle.net/20.500.11853/200541,"Βαλαβάνης, Ι.",Πόντος,40.0850088,23.9775837,Κωδώνιν λαλίαν έσει
96361,Του τοις βρέχω,Πόντος,http://hdl.handle.net/20.500.11853/184928,"Παπαδόπουλος, Άνθιμος Α.",Πόντος,40.0850088,23.9775837,Του τοις βρέχω
