Unnamed: 0,text,place,uri,collector,area,lat,lon,GPTnorm
94601,Αλογάντ' εκάτσαν κ' οι γαϊδουράντ' εδούλεψαν,"Πόντος, Σάντα",http://hdl.handle.net/20.500.11853/184254,"Παπαδόπουλος, Άνθιμος Α.",Πόντος,40.0850088,23.9775837,Τα άλογα κάθισαν κι οι γαϊδούρια δούλεψαν
95568,Ο Θεόν τερεί το ραχίν και θέκ' το χον!,"Πόντος, Χαλδία",http://hdl.handle.net/20.500.11853/184520,"Παπαδόπουλος, Άνθιμος Α.",Πόντος,40.0850088,23.9775837,Ο Θεός κρατάει την ράχη και βάζει το φορτίο!
95873,Πολλά που παθάν' πολλά μαθάν,"Πόντος, Σάντα",http://hdl.handle.net/20.500.11853/217328,"Παπαδόπουλος, Άνθιμος Α.",Πόντος,40.0850088,23.9775837,"Πολλά που έπαθαν, πολλά έμαθαν"
94560,Άφ' τον Άδη σκάνταλα εβγάλλει,"Πόντος, Ινέπολη",http://hdl.handle.net/20.500.11853/184389,"Παπαδόπουλος, Άνθιμος Α.",Πόντος,40.0850088,23.9775837,Άφησε τον Άδη σκάνδαλα βγάζει
3441,Η μάννα εὶναι γλυκίν κρασίν έμνοσιον παξιμάντιν που πίνει άτο ξα κι μεθά που τρώγει α κι χορτάζει,Πόντος,http://hdl.handle.net/20.500.11853/203334,"Βαλαβάνης, Ι.",Πόντος,40.0850088,23.9775837,"Η μάνα είναι γλυκό κρασί, θεϊκό παξιμάδι που το πίνει και δεν μεθά, που το τρώει και χορταίνει."
94713,Ας ση γειτονεία σ' σύντροφον κι ας σ' οσπίτι σ' αζούχ!,"Πόντος, Σάντα",http://hdl.handle.net/20.500.11853/184342,"Παπαδόπουλος, Άνθιμος Α.",Πόντος,40.0850088,23.9775837,Ας στη γειτονιά σου σύντροφο και ας στο σπίτι σου αζούχο!
95796,Ούμπαν πας η οκά τετρακόσα τράμα έν΄,"Πόντος, Τραπεζούντα",http://hdl.handle.net/20.500.11853/217312,"Παπαδόπουλος, Άνθιμος Α.",Πόντος,40.0850088,23.9775837,Όπου πας η οκά τετρακόσια δράμια είναι.
77795,Όθεν παν κι άλλο κ' έρχουνταν,"Πόντος, Χαλδία",http://hdl.handle.net/20.500.11853/206810,"Μελανοφρύδης, Παντελεήμον Η.",Πόντος,40.0850088,23.9775837,Όπου πάνε κι αλλού δεν έρχονται
3674,Ο διάβολον δουλείαν κ΄είσεν εγάμνεν τα παιδιά,Πόντος,http://hdl.handle.net/20.500.11853/164609,"Βαλαβάνης, Ι.",Πόντος,40.0850088,23.9775837,"Ο διάβολος δουλειά δεν είχε, παντρεύει τα παιδιά."
95137,"Η γλώσσα ζογρό γερτέ τσείται, κλαδία, τζατζία κ' έχ'","Πόντος, Σάντα",http://hdl.handle.net/20.500.11853/184065,"Παπαδόπουλος, Άνθιμος Α.",Πόντος,40.0850088,23.9775837,"Η γλώσσα ζωντανό δέντρο τσείται, κλαδιά, τζιτζιφιές κι έχει."
96041,"Τ' οχτώ ους να 'κι δις, τ' εννέα 'κ' απορείς να παίρτς","Πόντος, Χαλδία",http://hdl.handle.net/20.500.11853/217511,"Παπαδόπουλος, Άνθιμος Α.",Πόντος,40.0850088,23.9775837,"Το οχτώ που να μην δεις, το εννιά να μην απορείς να πάρεις"
77994,Τσί θα φορεί κι αντρίζ';,"Πόντος, Χαλδία",http://hdl.handle.net/20.500.11853/153653,"Μελανοφρύδης, Παντελεήμον Η.",Πόντος,40.0850088,23.9775837,Τι θα φορεί και ανδρίζ';
96224,Το κόκκινον την Πέφτ',"Πόντος, Χαλδία",http://hdl.handle.net/20.500.11853/244158,"Παπαδόπουλος, Άνθιμος Α.",Πόντος,40.0850088,23.9775837,Η κόκκινη Πέμπτη
96112,Τη γυναίκαν είπαν ατεν ο γουρζουλάς παιδιά μοιράζ''. Τ' εμόν μ' επαίρ'νεν' είπεν και τ' εκεινού λαζούμ' κ' έτον',"Πόντος, Χαλδία",http://hdl.handle.net/20.500.11853/244001,"Παπαδόπουλος, Άνθιμος Α.",Πόντος,40.0850088,23.9775837,"Τη γυναίκα είπαν αυτή είναι ο γουρζουλάς που μοιράζει παιδιά. Το δικό μου μου έπαιρνε, είπε, και το δικό του άφηνε και ήταν."
4108,Το κολογκύθιν 'ς εμόν ρο κεφάλιν έσπασεν,Πόντος,http://hdl.handle.net/20.500.11853/264055,"Βαλαβάνης, Ι.",Πόντος,40.0850088,23.9775837,Η κολοκύθα στο δικό μου κεφάλι έσπασε
96186,"Το δώσ' μ' α δώσ' μ' α έμαθεν, το να 'κ' επεγροικίστεν","Πόντος, Τραπεζούντα",http://hdl.handle.net/20.500.11853/184759,"Παπαδόπουλος, Άνθιμος Α.",Πόντος,40.0850088,23.9775837,"Δώσε μου να μου δίνεις έμαθε, το όχι δεν το κατάλαβε"
95561,Ο Θεόν δί' τα φάβατα που 'κ' εγροικούν να τρώγ' ν άτα,"Πόντος, Χαλδία",http://hdl.handle.net/20.500.11853/184511,"Παπαδόπουλος, Άνθιμος Α.",Πόντος,40.0850088,23.9775837,Ο Θεός δίνει τα φάβατα σε αυτούς που δεν μπορούν να τα τρώνε.
94867,Δός εμέν και το παιδί μ' κι' άντρας ιμ 'ς σήν πόρταν κάν στέκ,Πόντος,http://hdl.handle.net/20.500.11853/184869,"Παπαδόπουλος, Άνθιμος Α.",Πόντος,40.0850088,23.9775837,Δώσε σε μένα και το παιδί μου και άντρας είμαι στην πόρτα αν στέκομαι
94633,Αούτος ο Θεός πασκείντο εὶναι Αρναούτ' ς;,"Πόντος, Χαλδία",http://hdl.handle.net/20.500.11853/184291,"Παπαδόπουλος, Άνθιμος Α.",Πόντος,40.0850088,23.9775837,Αυτός ο Θεός προσπαθεί να είναι Αρβανίτης;
77592,Έμαθαμ' και τη Σεβαζί την ευτενίαν,"Πόντος, Χαλδία",http://hdl.handle.net/20.500.11853/264282,"Μελανοφρύδης, Παντελεήμον Η.",Πόντος,40.0850088,23.9775837,Μάθαμε και τη Σεβάστεια την ευτυχία.
95547,Ο γυρεύον εγύρευεν κ΄ έδιν΄νεν για τη ψήν άτ΄,"Πόντος, Χαλδία",http://hdl.handle.net/20.500.11853/184832,"Παπαδόπουλος, Άνθιμος Α.",Πόντος,40.0850088,23.9775837,Ο γυρεύων γύρευε κι έδινε για την ψυχή του.
3992,Τ' ελάδια μ' έκσεα,Πόντος,http://hdl.handle.net/20.500.11853/274886,"Βαλαβάνης, Ι.",Πόντος,40.0850088,23.9775837,Τα λάδια μου έχυσα
3376,Ευκής παιδίν εὶναι,Πόντος,http://hdl.handle.net/20.500.11853/263918,"Βαλαβάνης, Ι.",Πόντος,40.0850088,23.9775837,Εύκολο παιδί είναι
95396,Μά'χ κρατεί,Πόντος,http://hdl.handle.net/20.500.11853/217583,"Παπαδόπουλος, Άνθιμος Α.",Πόντος,40.0850088,23.9775837,Μάχη κρατάει
3580,Μακρά αδελφός και σιμά ο γειτονάς,Πόντος,http://hdl.handle.net/20.500.11853/166868,"Βαλαβάνης, Ι.",Πόντος,40.0850088,23.9775837,Μακριά ο αδελφός και κοντά ο γείτονας
77525,Αν επορώ σο περβόλι σ' θήκω έναν λιθάρ,"Πόντος, Χαλδία",http://hdl.handle.net/20.500.11853/284433,"Μελανοφρύδης, Παντελεήμον Η.",Πόντος,40.0850088,23.9775837,Αν μπορώ στο περιβόλι σου βάζω μια πέτρα
77671,Η μερμύκα πα με τ' εκεινές το γαντάρ σεράντα πατουμάνια έρθεν,"Πόντος, Χαλδία",http://hdl.handle.net/20.500.11853/206803,"Μελανοφρύδης, Παντελεήμον Η.",Πόντος,40.0850088,23.9775837,Η μυρμήγκα με εκείνο το γαϊδούρι σαράντα πατήματα ήρθε.
95779,Οκνία μαυροπροσωπία,"Πόντος, Τραπεζούντα",http://hdl.handle.net/20.500.11853/217253,"Παπαδόπουλος, Άνθιμος Α.",Πόντος,40.0850088,23.9775837,Η τεμπελιά είναι ντροπή.
95577,"Ο Θεός κορώνα να έκουεν, 'ς σον κόσμον άλογα 'κι θα επέμειν' ναν","Πόντος, Ινέπολη",http://hdl.handle.net/20.500.11853/184529,"Παπαδόπουλος, Άνθιμος Α.",Πόντος,40.0850088,23.9775837,"Ο Θεός κορώνα να φορούσε, στον κόσμο άλογα δεν θα έμεναν."
94558,Άτραν κι άλεγον που 'κ έχ'ς σην παρέβγαν ντ' έργον έχ;,"Πόντος, Κοτύωρα",http://hdl.handle.net/20.500.11853/184285,"Παπαδόπουλος, Άνθιμος Α.",Πόντος,40.0850088,23.9775837,Αυτόν τον δρόμο δεν τον έχεις στην παρέμβαση για τι δουλειά έχεις;
94570,Αγράμπουλον κακκόμελον,"Πόντος, Κερασούντα",http://hdl.handle.net/20.500.11853/184211,"Παπαδόπουλος, Άνθιμος Α.",Πόντος,40.0850088,23.9775837,Αγρέμβολο κακόμελο
4334,"Καινούργιον κόσκινον, που να κρεμάνω σε; Κι όντες παλιώνεις, που να τινάω σε;","Πόντος, Οινόη",http://hdl.handle.net/20.500.11853/231870,"Βαμβακίδης, Ι.",Πόντος,40.0850088,23.9775837,"Καινούργιο κόσκινο, πού να σε κρεμάσω; Κι όταν παλιώνεις, πού να σε τινάξω;"
4013,Τα κρίματα μ' επήρες,Πόντος,http://hdl.handle.net/20.500.11853/273003,"Βαλαβάνης, Ι.",Πόντος,40.0850088,23.9775837,Τα κρίματά μου πήρες
95406,Μασχαρευτόν και τσαχευτόν,"Πόντος, Χαλδία",http://hdl.handle.net/20.500.11853/217061,"Παπαδόπουλος, Άνθιμος Α.",Πόντος,40.0850088,23.9775837,Μασκαρευτό και τσακιστό
96368,"Τρανόν κακό, τρανόν πελάν, τρανόν τυραννισίαν",Πόντος,http://hdl.handle.net/20.500.11853/217517,"Παπαδόπουλος, Άνθιμος Α.",Πόντος,40.0850088,23.9775837,"Μεγάλο κακό, μεγάλη τρέλα, μεγάλη τυραννία."
96193,Το θελυκό το πουλλί φκειάει την φωλέα,"Πόντος, Ινέπολη",http://hdl.handle.net/20.500.11853/184760,"Παπαδόπουλος, Άνθιμος Α.",Πόντος,40.0850088,23.9775837,Το θηλυκό πουλί φτιάχνει τη φωλιά.
97266,Άντρας εμ άς εὶναι ουστάπασης και τζοχάρ' αν θέλτς ας εσ',Πόντος,http://hdl.handle.net/20.500.11853/156643,"Παπανανιάδης, Ελευθέριος",Πόντος,40.0850088,23.9775837,Άντρας που δεν είναι οστάπατος και τζοχάρης αν θέλεις ας είναι.
94735,Ας σο στούδιμ ατ'΄εὶναι τι κι' αγαπείεται,Πόντος,http://hdl.handle.net/20.500.11853/184376,"Παπαδόπουλος, Άνθιμος Α.",Πόντος,40.0850088,23.9775837,Από το σπίτι του φαίνεται ότι δεν αγαπιέται.
77884,"Τ' έναν τ΄ ομμάτνατ σ΄ Αϊλαλού, και τ' άλλο σ' Αϊκώστα","Πόντος, Χαλδία",http://hdl.handle.net/20.500.11853/280133,"Μελανοφρύδης, Παντελεήμον Η.",Πόντος,40.0850088,23.9775837,"Το ένα μάτι του στην Αϊλαλού, και το άλλο στην Αϊκώστα"
94926,Έξ' κι απαδά!,"Πόντος, Κοτύωρα",http://hdl.handle.net/20.500.11853/184499,"Παπαδόπουλος, Άνθιμος Α.",Πόντος,40.0850088,23.9775837,Έξω και από εκεί!
4001,Τ' ομματί μ με το σκωλεκιν ετσκώθεν,Πόντος,http://hdl.handle.net/20.500.11853/279561,"Βαλαβάνης, Ι.",Πόντος,40.0850088,23.9775837,Το μάτι μου με το σκουλήκι ετσουκίστηκε.
97297,Τι εὶναι τη καμελί ορθόν να έτον και η γούλα,Πόντος,http://hdl.handle.net/20.500.11853/203036,"Παπανανιάδης, Ελευθέριος",Πόντος,40.0850088,23.9775837,Τι είναι της καμήλας ίσιο να ήταν και ο λαιμός.
3491,Κ' η καλομάννα μ' ποίει ατο,Πόντος,http://hdl.handle.net/20.500.11853/264053,"Βαλαβάνης, Ι.",Πόντος,40.0850088,23.9775837,Και η γιαγιά μου το κάνει.
4280,Για παιδόπλο για πανόπλο,"Πόντος, Οινόη",http://hdl.handle.net/20.500.11853/246375,"Βαμβακίδης, Ι.",Πόντος,40.0850088,23.9775837,Για παιδί για πανί
3634,Μουχτερόν πουλούν,Πόντος,http://hdl.handle.net/20.500.11853/263991,"Βαλαβάνης, Ι.",Πόντος,40.0850088,23.9775837,Πουπουλένιο πουλούν
99675,Ραφ και σοκέννε,"Πόντος, Τραπεζούντα",http://hdl.handle.net/20.500.11853/264235,"Παρχαρίδης, Ι. Α.",Πόντος,40.0850088,23.9775837,Ράβε και ξήλωνε
77851,Σην αναβροχήν το χαλάζ πα καλόν εὶναι,"Πόντος, Χαλδία",http://hdl.handle.net/20.500.11853/206821,"Μελανοφρύδης, Παντελεήμον Η.",Πόντος,40.0850088,23.9775837,Σε ανομβρία το χαλάζι πάλι καλό είναι
95979,"Σιλτουρ', 'ς σα ξύλα, 'ς σο νερόν, Σιλτουρ', 'ς ση χαμαιλέτεν","Πόντος, Κερασούντα",http://hdl.handle.net/20.500.11853/244137,"Παπαδόπουλος, Άνθιμος Α.",Πόντος,40.0850088,23.9775837,"Σίλτουρ', στα ξύλα, στο νερό, Σίλτουρ', στη χαμοκέλα."
78000,"Χεμ' κλέφτες, χεμ απανώτερος","Πόντος, Χαλδία",http://hdl.handle.net/20.500.11853/206845,"Μελανοφρύδης, Παντελεήμον Η.",Πόντος,40.0850088,23.9775837,Και κλέφτης και ανώτερος.
96187,"Το έναν τ' αχούλ' πα καλόν εὶναι, άμα τα δύο κι άλλο καλλίον","Πόντος, Σάντα",http://hdl.handle.net/20.500.11853/184758,"Παπαδόπουλος, Άνθιμος Α.",Πόντος,40.0850088,23.9775837,"Το ένα αχούρι πάλι καλό είναι, αλλά τα δύο ακόμη καλύτερα."
95564,"Ο Θεόν έδουνεν τα φάβατα, 'ς εκείντς που ΄κ' έχ΄ νε δόντια","Πόντος, Τραπεζούντα",http://hdl.handle.net/20.500.11853/184509,"Παπαδόπουλος, Άνθιμος Α.",Πόντος,40.0850088,23.9775837,"Ο Θεός έδωσε τα κουκιά, σ' αυτούς που δεν έχουν δόντια"
96064,"Τα κουντούρας κρόξ κρούξ, τας κοιλίας λάγξ λούγξ","Πόντος, Σάντα",http://hdl.handle.net/20.500.11853/199746,"Παπαδόπουλος, Άνθιμος Α.",Πόντος,40.0850088,23.9775837,"Τα κοντορούχα κρούξ κρούξ, οι κοιλιές λάγξ λούγξ"
95236,Ήντσαν θέλ' το καλό σ' ευτάει σε και κλαις,"Πόντος, Χαλδία",http://hdl.handle.net/20.500.11853/216987,"Παπαδόπουλος, Άνθιμος Α.",Πόντος,40.0850088,23.9775837,"Όπως θέλει το καλό σου, έρχεται σε σένα και κλαις."
96182,Το δανεικό να γελά,"Πόντος, Ινέπολη",http://hdl.handle.net/20.500.11853/184752,"Παπαδόπουλος, Άνθιμος Α.",Πόντος,40.0850088,23.9775837,Το δανεικό κάνει να γελά.
77757,Ο Θεός σο ρασύν θήκ και το χιόν,"Πόντος, Χαλδία",http://hdl.handle.net/20.500.11853/173172,"Μελανοφρύδης, Παντελεήμον Η.",Πόντος,40.0850088,23.9775837,Ο Θεός στο ψηλό έβαλε και το χιόνι
4276,Αφέντρια ελέϊνεν: όλα τά σεράϊα τά 'μα είναι,"Πόντος, Οινόη",http://hdl.handle.net/20.500.11853/191018,"Βαμβακίδης, Ι.",Πόντος,40.0850088,23.9775837,Η αφέντρα έλεγε: όλα τα σεράγια δικά μου είναι
94743,Ας σον Γιώρ' κέσ' τον Αέρ' πα ικράχ εποίκα,"Πόντος, Σάντα",http://hdl.handle.net/20.500.11853/184362,"Παπαδόπουλος, Άνθιμος Α.",Πόντος,40.0850088,23.9775837,Στον Γιώργο και στον Ανδρέα παλιά έκανα παρέα.
95316,Κανείνος κερίν ους να εμέρωσεν 'κ' επίασεν,"Πόντος, Χαλδία",http://hdl.handle.net/20.500.11853/199633,"Παπαδόπουλος, Άνθιμος Α.",Πόντος,40.0850088,23.9775837,Κανένας κερί που να ημέρωσε δεν έπιασε
95019,Εκαβάλλ' κεψεν τα πουλάλα,"Πόντος, Χαλδία",http://hdl.handle.net/20.500.11853/184464,"Παπαδόπουλος, Άνθιμος Α.",Πόντος,40.0850088,23.9775837,Καβάλησε και έφυγαν τα άλογα.
94644,Απέμεινε πουλλίν 'ς σο κλαδίν,"Πόντος, Κερασούντα",http://hdl.handle.net/20.500.11853/244012,"Παπαδόπουλος, Άνθιμος Α.",Πόντος,40.0850088,23.9775837,Έμεινε πουλί στο κλαδί.
94611,Αμόν Πέτρος μ' ίνεσαι,"Πόντος, Κοτύωρα",http://hdl.handle.net/20.500.11853/244009,"Παπαδόπουλος, Άνθιμος Α.",Πόντος,40.0850088,23.9775837,Σαν τον Πέτρο μου γίνεσαι
95433,Με το μολύβ' να κρούς άτον αίμαν 'κι στάζ',"Πόντος, Χαλδία",http://hdl.handle.net/20.500.11853/184194,"Παπαδόπουλος, Άνθιμος Α.",Πόντος,40.0850088,23.9775837,Με το μολύβι να τον χτυπάς αίμα δεν στάζει.
96019,Τ' αργάτ' η γυναίκα ους το μεσημέρ' πεινά,"Πόντος, Χαλδία",http://hdl.handle.net/20.500.11853/184692,"Παπαδόπουλος, Άνθιμος Α.",Πόντος,40.0850088,23.9775837,Η αργάτισσα η γυναίκα ως το μεσημέρι πεινάει
95600,Ο κλέφτες 'κι ωρίεται,"Πόντος, Κοτύωρα",http://hdl.handle.net/20.500.11853/199702,"Παπαδόπουλος, Άνθιμος Α.",Πόντος,40.0850088,23.9775837,Ο κλέφτης δεν φωνάζει
94985,Εδέκαν 'ς ση ράχαν ατ' το ταούλ' κι ατείν' κρούγ' νε τα κοπάλα,"Πόντος, Σάντα",http://hdl.handle.net/20.500.11853/244039,"Παπαδόπουλος, Άνθιμος Α.",Πόντος,40.0850088,23.9775837,Έδωσαν στη ράχη του το ταούλι κι αυτός χτυπάει τα κόκαλα.
4065,Τημ μυμύαν καμέλιν ποίει,Πόντος,http://hdl.handle.net/20.500.11853/269764,"Βαλαβάνης, Ι.",Πόντος,40.0850088,23.9775837,Τη μυία καμήλα κάνει
94887,Έδωκα νερόν αφκάτ' ατ',"Πόντος, Κερασούντα",http://hdl.handle.net/20.500.11853/217184,"Παπαδόπουλος, Άνθιμος Α.",Πόντος,40.0850088,23.9775837,Έδωσα νερό από κάτω του.
94841,Για τ'έναν ψύλλον καίει το χαλίν,"Πόντος, Χαλδία",http://hdl.handle.net/20.500.11853/217169,"Παπαδόπουλος, Άνθιμος Α.",Πόντος,40.0850088,23.9775837,Για έναν ψύλλο καίει το χαλινάρι.
3579,Μαγκούριν κι έχω,Πόντος,http://hdl.handle.net/20.500.11853/166881,"Βαλαβάνης, Ι.",Πόντος,40.0850088,23.9775837,Μαγκούρα δεν έχω
77741,Τι έχς Μουράτ; - Το είχα πάντα,"Πόντος, Χαλδία",http://hdl.handle.net/20.500.11853/173162,"Μελανοφρύδης, Παντελεήμον Η.",Πόντος,40.0850088,23.9775837,Τι έχεις Μουράτ; - Το είχα πάντα
95000,"Εθέλεσες κ' επέθανες, τη γης χαράν εποίκες","Πόντος, Χαλδία",http://hdl.handle.net/20.500.11853/244042,"Παπαδόπουλος, Άνθιμος Α.",Πόντος,40.0850088,23.9775837,"Ήθελες και πέθανες, τη γης χαρά έφτιαξες"
77877,Τ' αδέλφια νταν χωρίουνταν ο ήλον πά ματούται μουδί ο ήλον μαναχόν τη ήλ'η μάνα πάλι,"Πόντος, Χαλδία",http://hdl.handle.net/20.500.11853/153649,"Μελανοφρύδης, Παντελεήμον Η.",Πόντος,40.0850088,23.9775837,"Τα αδέλφια όταν χωρίζονταν ο ένας πάει μόνος του, αλλά ο ένας μόνος δεν είναι, η μάνα πάλι είναι μαζί."
3087,"Απάν εποίκεν, αφτιά εποίκεν...","Πόντος, Κερασούντα",http://hdl.handle.net/20.500.11853/264128,"Βαλαβάνης, Ι.",Πόντος,40.0850088,23.9775837,"Από πάνω έκανε, αυτιά έκανε..."
94690,Ας είχα τον άντραν μ' κι άς έμ' και 'ς ση κυρού μ,Πόντος,http://hdl.handle.net/20.500.11853/184328,"Παπαδόπουλος, Άνθιμος Α.",Πόντος,40.0850088,23.9775837,Ας είχα τον άντρα μου κι ας ήμουν και στη μάνα μου
94486,Άθρωπος θωρείς και καρδιές 'κε γνωρίεις,"Πόντος, Ινέπολη",http://hdl.handle.net/20.500.11853/217095,"Παπαδόπουλος, Άνθιμος Α.",Πόντος,40.0850088,23.9775837,Άνθρωπο βλέπεις και καρδιές δεν γνωρίζεις
4187,Του Θεού το μαθετιάτικον,Πόντος,http://hdl.handle.net/20.500.11853/166855,"Βαλαβάνης, Ι.",Πόντος,40.0850088,23.9775837,Του Θεού το μαθητιάτικο
95260,Ίντσαν θέλ' το καλό σ εφτάει σε και κλαίς,Πόντος,http://hdl.handle.net/20.500.11853/199822,"Παπαδόπουλος, Άνθιμος Α.",Πόντος,40.0850088,23.9775837,"Αν αυτό που θέλεις το καλό σου φέρνει, γιατί κλαις;"
3112,Ας ΄ς ομμάτια κι χωρίζω άτο,Πόντος,http://hdl.handle.net/20.500.11853/279247,"Βαλαβάνης, Ι.",Πόντος,40.0850088,23.9775837,"Αν δω τα μάτια του, θα το χωρίσω."
37693,Λύκον με μένυγμαν κουζούμ κι τρώγει,"Πόντος, Χαλδία",http://hdl.handle.net/20.500.11853/227958,"Κανδηλάπτης, Γ.",Πόντος,40.0850088,23.9775837,Ο λύκος με μήνυμα αρνί δεν τρώει!
3742,Ο πετεινόν εκούγιξεν παρώρας παρώρας κι' εγνέφιξεν τογ γέρον τομ παραπονεμένον,Πόντος,http://hdl.handle.net/20.500.11853/264092,"Βαλαβάνης, Ι.",Πόντος,40.0850088,23.9775837,Ο πετεινός λάλησε πρωί πρωί και ξύπνησε τον γέρο τον παραπονεμένο.
77746,"Ο γάιδαρον έξερεν εφτά κολύμπα, κι αμόν το εκατήβεν σο ποτάμ' κεκά τ' εφτά πά ενέσπαλεν","Πόντος, Χαλδία",http://hdl.handle.net/20.500.11853/153616,"Μελανοφρύδης, Παντελεήμον Η.",Πόντος,40.0850088,23.9775837,"Ο γάιδαρος ήξερε εφτά κολυμπήσεις, και σαν κατέβηκε στο ποτάμι καμιά από τις εφτά δεν χρησιμοποίησε."
4255,Άντρας ας εὶναι κι αλαχτορίου χασιέτιν ας έσει,"Πόντος, Οινόη",http://hdl.handle.net/20.500.11853/191033,"Βαμβακίδης, Ι.",Πόντος,40.0850088,23.9775837,Άντρας ας είναι κι αλλοπρόσαλλου χαρακτήρα ας έχει.
3037,Άφς καυλία τημ ψωλήσ σ και κράτ τ' εμόν,Πόντος,http://hdl.handle.net/20.500.11853/141120,"Βαλαβάνης, Ι.",Πόντος,40.0850088,23.9775837,Άφησε τα καυχησιάρικα λόγια σου και κράτα τα δικά μου.
3534,Κλώση 'κ εσ',Πόντος,http://hdl.handle.net/20.500.11853/201957,"Βαλαβάνης, Ι.",Πόντος,40.0850088,23.9775837,Δεν έχει τέλος.
77666,Η κοσάρα πίν' και τερεί και σον Θεόν κιάν,"Πόντος, Χαλδία",http://hdl.handle.net/20.500.11853/173150,"Μελανοφρύδης, Παντελεήμον Η.",Πόντος,40.0850088,23.9775837,Η εικοσάρα πίνει και κοιτάζει και στον Θεό επάνω
96254,Το ξένον τ' άλογον πη καβαλλ'κεύ' αγλήγορα κατηβαίν',"Πόντος, Χαλδία",http://hdl.handle.net/20.500.11853/199798,"Παπαδόπουλος, Άνθιμος Α.",Πόντος,40.0850088,23.9775837,Το ξένο άλογο πηγαίνει καβαλικεύει γρήγορα και κατεβαίνει.
77907,Ταν ταν κοιλίαν εύκαιρον και δόντι ακονεμένα,"Πόντος, Χαλδία",http://hdl.handle.net/20.500.11853/206827,"Μελανοφρύδης, Παντελεήμον Η.",Πόντος,40.0850088,23.9775837,Όταν η κοιλιά είναι άδεια και το δόντι ακονισμένο.
77654,"Ζήσον, μουλάρ, και φα κριθάρια","Πόντος, Χαλδία",http://hdl.handle.net/20.500.11853/173143,"Μελανοφρύδης, Παντελεήμον Η.",Πόντος,40.0850088,23.9775837,"Ζήσε, μουλάρι, και φάε κριθάρια"
3835,Ούτε μέλι ποιεί ούτε κηρόν ποιεί,Πόντος,http://hdl.handle.net/20.500.11853/279544,"Βαλαβάνης, Ι.",Πόντος,40.0850088,23.9775837,Ούτε μέλι φτιάχνει ούτε κερί φτιάχνει
97335,Το γεροντιάρικον το βούδ εγάλ τ' αυλάκ',Πόντος,http://hdl.handle.net/20.500.11853/165851,"Παπανανιάδης, Ελευθέριος",Πόντος,40.0850088,23.9775837,Το γεροντάρικο βόδι μεγαλώνει το αυλάκι
94973,"Εγώ ας το δαβαίνω, ο κόσμος ας χαλάεται","Πόντος, Χαλδία",http://hdl.handle.net/20.500.11853/184450,"Παπαδόπουλος, Άνθιμος Α.",Πόντος,40.0850088,23.9775837,"Εγώ ας το καταλαβαίνω, ο κόσμος ας χαλάει."
4199,Υγείαν κι όρεξιν,Πόντος,http://hdl.handle.net/20.500.11853/200543,"Βαλαβάνης, Ι.",Πόντος,40.0850088,23.9775837,Υγεία και όρεξη
99616,Ασσήν οργήν σσον κίντυνον,"Πόντος, Κρώμνη",http://hdl.handle.net/20.500.11853/191518,"Παρχαρίδης, Ι. Α.",Πόντος,40.0850088,23.9775837,Με την οργή στον κίνδυνο
95178,Η κοιλία 'τ' πολλά παίρ',"Πόντος, Σάντα",http://hdl.handle.net/20.500.11853/199614,"Παπαδόπουλος, Άνθιμος Α.",Πόντος,40.0850088,23.9775837,Η κοιλιά του πολλά παίρνει
94593,Αλαλος κι αμήλαλος και γαλενόν ποτάμι,"Πόντος, Χαλδία",http://hdl.handle.net/20.500.11853/184242,"Παπαδόπουλος, Άνθιμος Α.",Πόντος,40.0850088,23.9775837,Άλαλος και άμιλητος και ήρεμο ποτάμι
3975,"Τ' αγά έτον το γαΐχ, εδέβα μ ατό",Πόντος,http://hdl.handle.net/20.500.11853/166746,"Βαλαβάνης, Ι.",Πόντος,40.0850088,23.9775837,"Του αγά ήταν το καΐκι, το έδεβα με αυτό."
97274,"Βράσον χαλκόν, βράσον ση να δέα βαίν πλάν ο μισεαφέρτς",Πόντος,http://hdl.handle.net/20.500.11853/281409,"Παπανανιάδης, Ελευθέριος",Πόντος,40.0850088,23.9775837,"Βράσε χαλκό, βράσε στη φωτιά, δεν βγαίνει σωστά ο μισεμμένος."
94947,Έφαεν τα σίδερα,"Πόντος, Κρώμνη",http://hdl.handle.net/20.500.11853/243958,"Παπαδόπουλος, Άνθιμος Α.",Πόντος,40.0850088,23.9775837,Έφαγε τα σίδερα
4269,Αξία σου λιβόρι κι απάν' έναν κοβόρι,"Πόντος, Οινόη",http://hdl.handle.net/20.500.11853/191045,"Βαμβακίδης, Ι.",Πόντος,40.0850088,23.9775837,Αξία σου λιβάνι κι από πάνω ένα κουβούρι
77517,Ακόμαν η φάσσα κι ώβασεν κι η κίσσα παρεκάτσεν,"Πόντος, Χαλδία",http://hdl.handle.net/20.500.11853/153565,"Μελανοφρύδης, Παντελεήμον Η.",Πόντος,40.0850088,23.9775837,Ακόμα η φάσα δεν έκατσε και η κίσσα παρακάθισε
95653,Ο ξένον πάντα ξένος εὶναι κ' η γειτονία ξένον,"Πόντος, Τραπεζούντα",http://hdl.handle.net/20.500.11853/199716,"Παπαδόπουλος, Άνθιμος Α.",Πόντος,40.0850088,23.9775837,Ο ξένος πάντα ξένος είναι και η γειτονιά ξένη.
96055,"Τα γράμματα φαντάγματα, υιέ μ', τη λύραν παίξον","Πόντος, Χαλδία",http://hdl.handle.net/20.500.11853/184690,"Παπαδόπουλος, Άνθιμος Α.",Πόντος,40.0850088,23.9775837,"Τα γράμματα φαντάσματα, γιε μου, τη λύρα παίξε."
3496,"Κάλ ημέρα Γιάνν, εγδίν πελεκώ, η συντέκσα μ ντ' εφτειάγει; Εφτά κότια βάλλει",Πόντος,http://hdl.handle.net/20.500.11853/166859,"Βαλαβάνης, Ι.",Πόντος,40.0850088,23.9775837,"Καλημέρα Γιάννη, εκδίνω πελεκώ, η συντέκρισσά μου τι έφτιαξε; Εφτά αυγά έβαλε."
95501,Νοικοκύρτς απραεμένος δεξόν χέρ΄ τση μαχαλάς,Πόντος,http://hdl.handle.net/20.500.11853/184704,"Παπαδόπουλος, Άνθιμος Α.",Πόντος,40.0850088,23.9775837,Ο νοικοκύρης ο ήσυχος είναι το δεξί χέρι της γειτονιάς
77736,Νια μέλ΄ κάμν΄ νιά κερίν,"Πόντος, Χαλδία",http://hdl.handle.net/20.500.11853/280131,"Μελανοφρύδης, Παντελεήμον Η.",Πόντος,40.0850088,23.9775837,Μια μέλισσα κάνει ένα κερί
94984,Εδάσεν ατα αφκάτ' ατ,Πόντος,http://hdl.handle.net/20.500.11853/184453,"Παπαδόπουλος, Άνθιμος Α.",Πόντος,40.0850088,23.9775837,Τα έδωσε αυτά κάτω από αυτόν.
97286,Ήμπεαν γάμος κ' εκεί παράνυφος,Πόντος,http://hdl.handle.net/20.500.11853/156645,"Παπανανιάδης, Ελευθέριος",Πόντος,40.0850088,23.9775837,Μπήκαν σε γάμο και εκεί παρανυφάκι.
78050,Κα θα έναν αιγίδ ας σο πατσάγ κρεμάν ατό,"Πόντος, Χαλδία",http://hdl.handle.net/20.500.11853/273320,"Μελίδης, Θεόδωρος",Πόντος,40.0850088,23.9775837,"Κάθε κατσίκι που το σφάζουν, το κρεμούν."
3006,Άλλος φτειάνει κι' άλλος ευρήκει,Πόντος,http://hdl.handle.net/20.500.11853/141131,"Βαλαβάνης, Ι.",Πόντος,40.0850088,23.9775837,Άλλος φτιάχνει κι άλλος βρίσκει
77867,Στη γούλανατ ερρούξεν,"Πόντος, Χαλδία",http://hdl.handle.net/20.500.11853/291246,"Μελανοφρύδης, Παντελεήμον Η.",Πόντος,40.0850088,23.9775837,Στη λακκούβα του έπεσε.
3803,Όσον κι αν ρίγουμαι κοράλλιν γίνουμαι,Πόντος,http://hdl.handle.net/20.500.11853/271309,"Βαλαβάνης, Ι.",Πόντος,40.0850088,23.9775837,Όσο κι αν κρυώνω κοράλλι γίνομαι
96179,Το γλυκόν η γλώσσα εβγάλλει τ' οφίδιν ας σο τρυπίν,"Πόντος, Κερασούντα",http://hdl.handle.net/20.500.11853/184749,"Παπαδόπουλος, Άνθιμος Α.",Πόντος,40.0850088,23.9775837,Η γλυκιά γλώσσα βγάζει το φίδι από την τρύπα.
95842,Περσιζ' να αχύρα οφέτος εβορρίζ',"Πόντος, Χαλδία",http://hdl.handle.net/20.500.11853/244117,"Παπαδόπουλος, Άνθιμος Α.",Πόντος,40.0850088,23.9775837,"Πέρσι ήταν άχυρα, φέτος ταΐζει."
4204,Χαλκά ευκαιρώνει,Πόντος,http://hdl.handle.net/20.500.11853/161270,"Βαλαβάνης, Ι.",Πόντος,40.0850088,23.9775837,Γρήγορα βολεύεται
3265,Έχω και παρέχω,Πόντος,http://hdl.handle.net/20.500.11853/166893,"Βαλαβάνης, Ι.",Πόντος,40.0850088,23.9775837,Έχω και δίνω
95912,Σ σ' όνειρον ατ' πα 'κ' είδεν άτο,"Πόντος, Τραπεζούντα",http://hdl.handle.net/20.500.11853/199740,"Παπαδόπουλος, Άνθιμος Α.",Πόντος,40.0850088,23.9775837,Στο όνειρό του δεν το είδε.
3278,Εγόμωναν τ' ωτίον τ',Πόντος,http://hdl.handle.net/20.500.11853/141241,"Βαλαβάνης, Ι.",Πόντος,40.0850088,23.9775837,Γέμιζε το αυτί του
3759,Ο τσίνων εμάθισεν τημ παλαβόρταν,Πόντος,http://hdl.handle.net/20.500.11853/264025,"Βαλαβάνης, Ι.",Πόντος,40.0850088,23.9775837,Αυτός έμαθε την τρέλα.
94723,Ας σην τάβλαν άλογον κι ας σον χορόν κορίτσ' μη παίρτς',"Πόντος, Σάντα",http://hdl.handle.net/20.500.11853/184352,"Παπαδόπουλος, Άνθιμος Α.",Πόντος,40.0850088,23.9775837,Ας στο τραπέζι άλογο και στον χορό κορίτσι μη παίρνεις.
18611,Γαμπρός υιός κι γίνεται και νύφε θυγατέρα,"Πόντος, Αργυρούπολη",http://hdl.handle.net/20.500.11853/176913,"Ζουντούρης, Γ.",Πόντος,40.0850088,23.9775837,Γαμπρός γιος γίνεται και νύφη θυγατέρα
3475,Θέλει και τ' ελαίας τ' έξου και τ' οβγού ταπέσ,Πόντος,http://hdl.handle.net/20.500.11853/166771,"Βαλαβάνης, Ι.",Πόντος,40.0850088,23.9775837,Θέλει και τις ελιές τις έξω και του αυγού το πέτσο.
95952,Σ' έναν κολτούκ δυό καρπούζα 'κι κρατείουνταν,"Πόντος, Χαλδία",http://hdl.handle.net/20.500.11853/184026,"Παπαδόπουλος, Άνθιμος Α.",Πόντος,40.0850088,23.9775837,Σε ένα χέρι δύο καρπούζια δεν κρατιούνται
95846,Πή ΄κ έχ΄ αναλλάζ΄,"Πόντος, Χαλδία",http://hdl.handle.net/20.500.11853/184605,"Παπαδόπουλος, Άνθιμος Α.",Πόντος,40.0850088,23.9775837,Δεν έχει ανταλλάξιμο.
77874,Τ' άρια όλα επούλησα και τα ναμούσια 'δώκα,"Πόντος, Χαλδία",http://hdl.handle.net/20.500.11853/286488,"Μελανοφρύδης, Παντελεήμον Η.",Πόντος,40.0850088,23.9775837,Τα καλά όλα πούλησα και τα άχρηστα έδωσα.
78079,Ρύομαι ρύεται και ξαν σακκοράμ γίνεται,"Πόντος, Χαλδία",http://hdl.handle.net/20.500.11853/291140,"Μελίδης, Θεόδωρος",Πόντος,40.0850088,23.9775837,Ρέει ρέει και ξανά σακκοράφα γίνεται
77926,"Την έμορφον π' εγάπεσεν, την φούρκαν κ' εφογέθεν","Πόντος, Χαλδία",http://hdl.handle.net/20.500.11853/206837,"Μελανοφρύδης, Παντελεήμον Η.",Πόντος,40.0850088,23.9775837,"Την όμορφη που αγάπησε, τη φουρτούνα δεν φοβήθηκε"
77811,"Ούλ ουντάν στέκνε, εγώ η σουμαδεμέντσα πα νιό στέκω;","Πόντος, Χαλδία",http://hdl.handle.net/20.500.11853/289585,"Μελανοφρύδης, Παντελεήμον Η.",Πόντος,40.0850088,23.9775837,"Όλοι εκεί στέκονται, εγώ η σημαδεμένη πού να σταθώ;"
94626,Αναθυμεθή και μη κατασυρμονή,"Πόντος, Χαλδία",http://hdl.handle.net/20.500.11853/199666,"Παπαδόπουλος, Άνθιμος Α.",Πόντος,40.0850088,23.9775837,Αναθυμήσου και μην καταφρονείς
94993,Εέντον ράμμαν και βελόν',"Πόντος, Χαλδία",http://hdl.handle.net/20.500.11853/244040,"Παπαδόπουλος, Άνθιμος Α.",Πόντος,40.0850088,23.9775837,Ήταν ράμμα και βελόνα.
78027,Δός ατον σιρβάν χουλιάρ κ έσ τρώγν ατον αγούρ,"Πόντος, Χαλδία",http://hdl.handle.net/20.500.11853/165523,"Μελίδης, Θεόδωρος",Πόντος,40.0850088,23.9775837,Δώσ' του ασημένιο κουτάλι και θα τρώει το αγούρι.
99612,Απάν σσ' αχάντεα κάθεται,Πόντος,http://hdl.handle.net/20.500.11853/191494,"Παρχαρίδης, Ι. Α.",Πόντος,40.0850088,23.9775837,Πάνω στα χαλάσματα κάθεται
90535,Εσύ είσαι το χοντρόν της κοσσάρας τ' ωβόν,"Πόντος, Κοτύωρα",http://hdl.handle.net/20.500.11853/196140,"Ξενίτας, Ξένου",Πόντος,40.0850088,23.9775837,Εσύ είσαι το χοντρό της κοτούλας το αυγό
99619,"Βαρέα μη λεγνύτντ'ς, τσακούνταν τα μέσα σ'","Πόντος, Τραπεζούντα",http://hdl.handle.net/20.500.11853/232164,"Παρχαρίδης, Ι. Α.",Πόντος,40.0850088,23.9775837,"Βαριά μη σηκώνεσαι, τσακίζονται τα μέσα σου"
95073,Επούσωσε τα κατζία,"Πόντος, Κοτύωρα",http://hdl.handle.net/20.500.11853/199693,"Παπαδόπουλος, Άνθιμος Α.",Πόντος,40.0850088,23.9775837,Σήκωσε τα ξύλα.
94481,Άε Βαρβάρα χόνιξον κι Άε Νικόλα φούρκ'σον και τ' Άε Σάββα την βραδήν τρανόν φουρτούναν ποίσον,Πόντος,http://hdl.handle.net/20.500.11853/184218,"Παπαδόπουλος, Άνθιμος Α.",Πόντος,40.0850088,23.9775837,Άγιε Βαρβάρα χιόνισε και Άγιε Νικόλα φούρνισε και του Άγιου Σάββα τη νυχτιά μεγάλη φουρτούνα κάνε.
3357,Ερούξεν το ζινίσν αυτ,Πόντος,http://hdl.handle.net/20.500.11853/164613,"Βαλαβάνης, Ι.",Πόντος,40.0850088,23.9775837,Ξεκούμπωσε το πουκάμισό του.
4151,Το τσιβαλ τουζ κι αν ρίεται βολόνιν κατασταίνει,Πόντος,http://hdl.handle.net/20.500.11853/203352,"Βαλαβάνης, Ι.",Πόντος,40.0850088,23.9775837,Το άδειο βαρέλι κι αν κυλάει βουητό κάνει.
77988,Τον Χριστόν πα με τον νουν εύραν,"Πόντος, Χαλδία",http://hdl.handle.net/20.500.11853/286487,"Μελανοφρύδης, Παντελεήμον Η.",Πόντος,40.0850088,23.9775837,Τον Χριστό με το νου βρήκαν
95326,Κατζίν 'κ' έχ',"Πόντος, Χαλδία",http://hdl.handle.net/20.500.11853/199634,"Παπαδόπουλος, Άνθιμος Α.",Πόντος,40.0850088,23.9775837,Δεν έχει κουζίνα.
96023,Τ' αψύν τ' οξίδιν το σκεύος άχτε χαλάνει,"Πόντος, Κερασούντα",http://hdl.handle.net/20.500.11853/184699,"Παπαδόπουλος, Άνθιμος Α.",Πόντος,40.0850088,23.9775837,Το άψυντο οξύ το σκεύος άχρηστο χαλάει
4298,Εδίβαμ΄ ως το Βήρι κι είπανε μας γύρει,"Πόντος, Οινόη",http://hdl.handle.net/20.500.11853/191076,"Βαμβακίδης, Ι.",Πόντος,40.0850088,23.9775837,Φτάσαμε ως τη Βέροια κι είπαν να γυρίσουμε.
97317,Πάσομ με κι αν κι ομοιάζω σε φτυσόμ μου,Πόντος,http://hdl.handle.net/20.500.11853/290586,"Παπανανιάδης, Ελευθέριος",Πόντος,40.0850088,23.9775837,Πάω κι αν δεν μοιάζω στον φτυστό μου
3779,Όποιος γυρεύει τα μεγάλα χάνει και τα μικρά,Πόντος,http://hdl.handle.net/20.500.11853/161289,"Βαλαβάνης, Ι.",Πόντος,40.0850088,23.9775837,Όποιος γυρεύει τα μεγάλα χάνει και τα μικρά
3638,Μυμίας αβλαγεύει. Μυίας θηρά,Πόντος,http://hdl.handle.net/20.500.11853/283718,"Βαλαβάνης, Ι.",Πόντος,40.0850088,23.9775837,Μύγα ζαλίζει. Μύγα κυνηγά.
3480,Θεού ού κονομίαν έτον,Πόντος,http://hdl.handle.net/20.500.11853/161283,"Βαλαβάνης, Ι.",Πόντος,40.0850088,23.9775837,Η οικονομία του Θεού ήταν.
77760,Ο κακόν ο γειτονάς εφτάγι τον γείτοναν ατ' με το χατζιάτ,"Πόντος, Χαλδία",http://hdl.handle.net/20.500.11853/173167,"Μελανοφρύδης, Παντελεήμον Η.",Πόντος,40.0850088,23.9775837,Ο κακός ο γείτονας εχτάγι τον γείτονά του με το χατζάρι.
95262,Ίσαμε του Μάη την φωτία 'κε θέλειν τον,"Πόντος, Ινέπολη",http://hdl.handle.net/20.500.11853/243977,"Παπαδόπουλος, Άνθιμος Α.",Πόντος,40.0850088,23.9775837,Μέχρι τη φωτιά του Μάη δεν τον θέλουν.
77992,Τσατσία και κλαδία πιάν',"Πόντος, Χαλδία",http://hdl.handle.net/20.500.11853/206842,"Μελανοφρύδης, Παντελεήμον Η.",Πόντος,40.0850088,23.9775837,Τσακωμούς και κλαδιά πιάνει!
94934,Έρθαν τ΄όρνα ας σα ραχία κ΄εξέγκαν τα βούδα ας σα μαντρία,"Πόντος, Χαλδία",http://hdl.handle.net/20.500.11853/184034,"Παπαδόπουλος, Άνθιμος Α.",Πόντος,40.0850088,23.9775837,Ήρθαν τα όρνια στα ραχούλια και έβγαλαν τα βόδια από τα μαντριά
77514,Αϊλοί ποι τρώγι κόρ δαβρέαν και κοτσού λάχταν,"Πόντος, Χαλδία",http://hdl.handle.net/20.500.11853/272165,"Μελανοφρύδης, Παντελεήμον Η.",Πόντος,40.0850088,23.9775837,Άλλοι που τρώνε καρδάβρα και χόρτα λάχανα
94588,Ακόμαν κ' επέθανα κ' έψαν τα κερία μ',"Πόντος, Χαλδία",http://hdl.handle.net/20.500.11853/184231,"Παπαδόπουλος, Άνθιμος Α.",Πόντος,40.0850088,23.9775837,"Ακόμα κι αν πέθανα, έσβησαν τα κεριά μου."
99696,Ας σην οκνίαν ατ' τον γάϊδαρον 'τάϊ κουγίζ',"Πόντος, Κοτύωρα",http://hdl.handle.net/20.500.11853/289316,"Παστιάδης, Θεμιστοκλής Ν.",Πόντος,40.0850088,23.9775837,Από την τεμπελιά του γαϊδάρου ούτε κουκούτσι δεν σηκώνει.
4082,Το αίμαν με το αίμαν κι πλύσκεται με το νερόν πλύσκεται,Πόντος,http://hdl.handle.net/20.500.11853/141072,"Βαλαβάνης, Ι.",Πόντος,40.0850088,23.9775837,"Το αίμα με το αίμα και δεν ξεπλένεται, με το νερό ξεπλένεται."
95667,Ο πετεινόν 'ς σην αυλήν ατ' κουγίζει,"Πόντος, Κερασούντα",http://hdl.handle.net/20.500.11853/184571,"Παπαδόπουλος, Άνθιμος Α.",Πόντος,40.0850088,23.9775837,Ο πετεινός στην αυλή του λαλεί
94944,Έστραψαν τα πέταλα 'τ',"Πόντος, Κοτύωρα",http://hdl.handle.net/20.500.11853/243953,"Παπαδόπουλος, Άνθιμος Α.",Πόντος,40.0850088,23.9775837,Γύρισαν τα πέταλά του.
3941,Σ΄ σ αποσεσμένα τα λάχανα εγύριξεν,Πόντος,http://hdl.handle.net/20.500.11853/163824,"Βαλαβάνης, Ι.",Πόντος,40.0850088,23.9775837,Στα αποσχισμένα τα λάχανα γύρισε.
94719,Ας σην οκνίαν ατ' το πολλά τον γάϊδαρο 'ταϊ΄ κουίζ',"Πόντος, Κοτύωρα",http://hdl.handle.net/20.500.11853/217140,"Παπαδόπουλος, Άνθιμος Α.",Πόντος,40.0850088,23.9775837,Από την τεμπελιά του πολύ τον γάιδαρο ταΐζει κουίζ.
3853,Παχύν κατσίν έσει,Πόντος,http://hdl.handle.net/20.500.11853/203346,"Βαλαβάνης, Ι.",Πόντος,40.0850088,23.9775837,Πάχυνση κατσίκα έχεις.
96216,Το κατζίν ατ' εφτά γάτα εὶναι,"Πόντος, Χαλδία",http://hdl.handle.net/20.500.11853/199769,"Παπαδόπουλος, Άνθιμος Α.",Πόντος,40.0850088,23.9775837,Η γάτα του εφτά ψυχές έχει.
94480,Άδικος βρισέα 'ς σον νοικοκύρη της,"Πόντος, Ινέπολη",http://hdl.handle.net/20.500.11853/184222,"Παπαδόπουλος, Άνθιμος Α.",Πόντος,40.0850088,23.9775837,Άδικα βρίζεται στον νοικοκύρη της
96117,Τη καμελί' ποίον εὶναι σωστόν και θα εὶναι και τ' ουράδ'ν αθε;,"Πόντος, Χαλδία",http://hdl.handle.net/20.500.11853/199808,"Παπαδόπουλος, Άνθιμος Α.",Πόντος,40.0850088,23.9775837,Της καμήλας ποιο είναι σωστό και θα είναι και της ουράς της άραγε;
95449,"Μεγάλον ένναν του σπανού, αν κ' ευρεθή το χτέν' ν ατ'","Πόντος, Τραπεζούντα",http://hdl.handle.net/20.500.11853/184175,"Παπαδόπουλος, Άνθιμος Α.",Πόντος,40.0850088,23.9775837,"Μεγάλο θαύμα θα είναι του σπανού, αν και βρεθεί η χτένα του!"
3440,Η μάννα εὶναι αγέννετος και μίαν γεννισκάται,Πόντος,http://hdl.handle.net/20.500.11853/203392,"Βαλαβάνης, Ι.",Πόντος,40.0850088,23.9775837,Η μάνα είναι αγέννητη και μία φορά γεννιέται
77613,Εγώ κρέας αν κ' έφαγα σο βούδ απάν είδ ατό,"Πόντος, Χαλδία",http://hdl.handle.net/20.500.11853/273926,"Μελανοφρύδης, Παντελεήμον Η.",Πόντος,40.0850088,23.9775837,Εγώ κρέας αν και έφαγα στο βόδι επάνω είδα αυτό.
95697,Όθεν γάμος κι ατός παρανύφ'σσα,"Πόντος, Χαλδία",http://hdl.handle.net/20.500.11853/184840,"Παπαδόπουλος, Άνθιμος Α.",Πόντος,40.0850088,23.9775837,Όπου γάμος κι αυτός παρανύφισσα
77590,Έκλασεν η κάτα σην θάλασσαν κ' εποίκεν μερτικόν,"Πόντος, Χαλδία",http://hdl.handle.net/20.500.11853/282132,"Μελανοφρύδης, Παντελεήμον Η.",Πόντος,40.0850088,23.9775837,Έκλασε η γάτα στη θάλασσα κι έκανε μερτικό.
95346,Κούντουρον ο κούτσουρον και ο πασσαλοκάφτες,"Πόντος, Χαλδία",http://hdl.handle.net/20.500.11853/217039,"Παπαδόπουλος, Άνθιμος Α.",Πόντος,40.0850088,23.9775837,Κούτσουρο ο κούτσουρος και οι πασσαλοκαύτες
3369,Εσύ πας ολίγου σείου (σαλεύου),Πόντος,http://hdl.handle.net/20.500.11853/263953,"Βαλαβάνης, Ι.",Πόντος,40.0850088,23.9775837,Εσύ πας λίγο σαλεύεις.
4050,Τη μέσης τ' άλεγον,Πόντος,http://hdl.handle.net/20.500.11853/281016,"Βαλαβάνης, Ι.",Πόντος,40.0850088,23.9775837,Της μέσης το έλεγαν
77794,Όθεν κι σπέρ΄ θερίζ΄,"Πόντος, Χαλδία",http://hdl.handle.net/20.500.11853/173093,"Μελανοφρύδης, Παντελεήμον Η.",Πόντος,40.0850088,23.9775837,"Όπου δεν σπέρνει, δεν θερίζει."
95834,Πέντε πάει,"Πόντος, Κοτύωρα",http://hdl.handle.net/20.500.11853/244116,"Παπαδόπουλος, Άνθιμος Α.",Πόντος,40.0850088,23.9775837,Πέντε πάει
4339,Κολαρίστικος κι εξηνταπαραδίστικος,"Πόντος, Οινόη",http://hdl.handle.net/20.500.11853/210727,"Βαμβακίδης, Ι.",Πόντος,40.0850088,23.9775837,Κολλαριστός και εξηνταπαραδιάρικος
96137,Την κάταν είπαν άτεν το σκατό 'δατρικόν εὶναι κ' εκείνε εκλώστεν ετσίλίαξεν άτο,"Πόντος, Σάντα",http://hdl.handle.net/20.500.11853/184731,"Παπαδόπουλος, Άνθιμος Α.",Πόντος,40.0850088,23.9775837,Την γάτα την είπαν ότι το σκατό είναι γιατρικό και εκείνη το έγλυψε και τρελάθηκε.
94521,Άμον τη Βόνας το μυτίν,"Πόντος, Κερασούντα",http://hdl.handle.net/20.500.11853/184773,"Παπαδόπουλος, Άνθιμος Α.",Πόντος,40.0850088,23.9775837,Σαν της Βόνας τη μύτη.
3702,Ο κλέφτης εφάνθεν,Πόντος,http://hdl.handle.net/20.500.11853/201740,"Βαλαβάνης, Ι.",Πόντος,40.0850088,23.9775837,Ο κλέφτης φάνηκε
4029,Τα πρώτα εδήβαμε,Πόντος,http://hdl.handle.net/20.500.11853/264098,"Βαλαβάνης, Ι.",Πόντος,40.0850088,23.9775837,Τα πρώτα περπατήσαμε
95174,Η κεκέσσα η πεθερά εβγάλλ' τη νύφιν 'ς σο πρόσωπον,"Πόντος, Κερασούντα",http://hdl.handle.net/20.500.11853/243965,"Παπαδόπουλος, Άνθιμος Α.",Πόντος,40.0850088,23.9775837,Η κακή η πεθερά βγάζει τη νύφη στο πρόσωπο
3993,Τ' ελειγούρας το παλληκάριν,Πόντος,http://hdl.handle.net/20.500.11853/264036,"Βαλαβάνης, Ι.",Πόντος,40.0850088,23.9775837,Του λιγούρη το παλικάρι
94988,Εδώ σε θέλω,Πόντος,http://hdl.handle.net/20.500.11853/184902,"Παπαδόπουλος, Άνθιμος Α.",Πόντος,40.0850088,23.9775837,Εδώ σε θέλω
94559,Άφ τά σήμερα ίσαμ' αύρι βασιλέας αλλάει,"Πόντος, Ινέπολη",http://hdl.handle.net/20.500.11853/184385,"Παπαδόπουλος, Άνθιμος Α.",Πόντος,40.0850088,23.9775837,Από σήμερα μέχρι αύριο ο βασιλιάς αλλάζει!
95104,Εύρεν τον κάμπον εύκαιρον,"Πόντος, Χαλδία",http://hdl.handle.net/20.500.11853/184054,"Παπαδόπουλος, Άνθιμος Α.",Πόντος,40.0850088,23.9775837,Βρήκε τον κάμπο εύκαιρο
95569,Ο Θεόν τηνάν αγαπά παιδεύ!,"Πόντος, Τραπεζούντα",http://hdl.handle.net/20.500.11853/184521,"Παπαδόπουλος, Άνθιμος Α.",Πόντος,40.0850088,23.9775837,Ο Θεός αυτόν που αγαπά παιδεύει!
95214,Η τυχερή η μάννα το πρωτικάρι της κορίτσι το φκειάει,"Πόντος, Ινέπολη",http://hdl.handle.net/20.500.11853/216992,"Παπαδόπουλος, Άνθιμος Α.",Πόντος,40.0850088,23.9775837,Η τυχερή η μάνα το πρωτοπαλίκαρό της κορίτσι το κάνει
4169,Τολ λύκον ετριβαγγέλψαν κ' εκείνος έλεεν πόπα τ απρά(γ)ματα σ' εμέρ είναι,Πόντος,http://hdl.handle.net/20.500.11853/277348,"Βαλαβάνης, Ι.",Πόντος,40.0850088,23.9775837,Τον λύκο τον βάφτισαν κι εκείνος έλεγε πως τα πράγματα είναι ίδια.
77767,"Ο κόρτς αγοράζ' ψωμίν, π' έχ ομμάτ' αγοράζ' αλεύρια, και π' έχ' δύο ομμάτια αγοράζ' κοκκία","Πόντος, Χαλδία",http://hdl.handle.net/20.500.11853/153612,"Μελανοφρύδης, Παντελεήμον Η.",Πόντος,40.0850088,23.9775837,"Ο κόρτσος αγοράζει ψωμί, αυτός που έχει μάτι αγοράζει αλεύρι, και αυτός που έχει δύο μάτια αγοράζει σιτάρι."
95718,Όλα τ΄ όρνα ΄ς ση μονήν κι ο χόχορον ΄ς σην βοσκήν,"Πόντος, Σάντα",http://hdl.handle.net/20.500.11853/217265,"Παπαδόπουλος, Άνθιμος Α.",Πόντος,40.0850088,23.9775837,Όλα τα όρνια στη μονή και ο κόρακας στη βοσκή.
3822,Οκνηρός και ακαμάτης σινοπότης και φαγάς άλλο δεν μπορεί να γένη παρά διάκος και παπάς,Πόντος,http://hdl.handle.net/20.500.11853/263898,"Βαλαβάνης, Ι.",Πόντος,40.0850088,23.9775837,"Οκνηρός και ακαμάτης, οινοπότης και φαγάς, άλλο δεν μπορεί να γίνει παρά διάκος και παπάς"
3129,Ας σήμ πείναν εμαγκρανιασα,Πόντος,http://hdl.handle.net/20.500.11853/264070,"Βαλαβάνης, Ι.",Πόντος,40.0850088,23.9775837,Από την πείνα ζαλίστηκα.
94516,Άμον τι τρώει ο γάιδαρον τ' αχάντα,"Πόντος, Τραπεζούντα",http://hdl.handle.net/20.500.11853/184264,"Παπαδόπουλος, Άνθιμος Α.",Πόντος,40.0850088,23.9775837,Σαν να τρώει ο γάιδαρος τα άχυρα.
94757,Ατά είναι κομπώματα καρδιάς πλεροφορέματα,"Πόντος, Κερασούντα",http://hdl.handle.net/20.500.11853/217150,"Παπαδόπουλος, Άνθιμος Α.",Πόντος,40.0850088,23.9775837,Αυτά είναι κομπώματα καρδιάς πληροφορήματα
95180,Η κορ' όσον το κάθεται η τύχ' ατ'ς ανηβαίνει,"Πόντος, Χαλδία",http://hdl.handle.net/20.500.11853/216965,"Παπαδόπουλος, Άνθιμος Α.",Πόντος,40.0850088,23.9775837,Η κόρη όσο κάθεται η τύχη της ανεβαίνει
95200,"Η μαυροπούλα ΄ς σην Άσρπη Θάλασσαν πα αν πάη, μαύρα ωβά ωβάζ","Πόντος, Χαλδία",http://hdl.handle.net/20.500.11853/216980,"Παπαδόπουλος, Άνθιμος Α.",Πόντος,40.0850088,23.9775837,"Η μαυροπούλα στην Άσπρη Θάλασσα αν πάει, μαύρα αυγά γεννά."
77649,"Εφταπόδαρος αν γίνεται, μισιμίλτς κι γίνεται","Πόντος, Χαλδία",http://hdl.handle.net/20.500.11853/173144,"Μελανοφρύδης, Παντελεήμον Η.",Πόντος,40.0850088,23.9775837,"Αν εφταπόδαρος και να γίνει, μισός πάλι θα είναι"
96110,Τη Γλυκή τα πεγάδα,"Πόντος, Κοτύωρα",http://hdl.handle.net/20.500.11853/244000,"Παπαδόπουλος, Άνθιμος Α.",Πόντος,40.0850088,23.9775837,Της Γλυκής τα πηγάδια
77776,Ο λύκον ασά μετρεμένα κι τρώγι,"Πόντος, Χαλδία",http://hdl.handle.net/20.500.11853/282137,"Μελανοφρύδης, Παντελεήμον Η.",Πόντος,40.0850088,23.9775837,Ο λύκος στα μετρημένα και τρώει
3297,Είδα όνειρον: (Ν)αηλί ποι κ έσ,Πόντος,http://hdl.handle.net/20.500.11853/166761,"Βαλαβάνης, Ι.",Πόντος,40.0850088,23.9775837,Είδα όνειρο: Αηδόνι που κελαηδούσε
77893,Τα γράμματα φαντάγματα υιέ μ' την λύραν παίξον,"Πόντος, Χαλδία",http://hdl.handle.net/20.500.11853/173203,"Μελανοφρύδης, Παντελεήμον Η.",Πόντος,40.0850088,23.9775837,"Τα γράμματα φαντάσματα γιε μου, την λύρα παίξε."
77611,"Εγώ ας λέγω Μαρία, κ' η Μαρία χα μη λέγι","Πόντος, Χαλδία",http://hdl.handle.net/20.500.11853/173121,"Μελανοφρύδης, Παντελεήμον Η.",Πόντος,40.0850088,23.9775837,"Εγώ ας λέω Μαρία, κι η Μαρία ας μη λέει."
4285,Δύο γυμνοί σο χαμάμιν ταιριάζουνε,"Πόντος, Οινόη",http://hdl.handle.net/20.500.11853/191059,"Βαμβακίδης, Ι.",Πόντος,40.0850088,23.9775837,Δύο γυμνοί στο χαμάμ ταιριάζουν.
95353,"Κρίμαν 'ς  σο πρώτον την φιλιάν, 'ς σο πρώτον την αγάπην","Πόντος, Χαλδία",http://hdl.handle.net/20.500.11853/184161,"Παπαδόπουλος, Άνθιμος Α.",Πόντος,40.0850088,23.9775837,"Κρίμα στην πρώτη τη φιλία, στην πρώτη την αγάπη"
3793,Όπου και αν πάη μαύρα ωβγά ωβγάζει,Πόντος,http://hdl.handle.net/20.500.11853/279557,"Βαλαβάνης, Ι.",Πόντος,40.0850088,23.9775837,Όπου και αν πάει μαύρα αυγά βγάζει
96316,"Τον κολυμπετήν 'ςσσην έμπαν απ' κι τερούν άτον, 'ςσην έβγαν ατ' τερούν άτον",Πόντος,http://hdl.handle.net/20.500.11853/199836,"Παπαδόπουλος, Άνθιμος Α.",Πόντος,40.0850088,23.9775837,"Τον κολυμβητή στην είσοδο δεν τον κοιτάνε, στην έξοδο τον κοιτάνε."
3022,Άμον ντ εγόρασα πουλώ σ' άτο,Πόντος,http://hdl.handle.net/20.500.11853/141093,"Βαλαβάνης, Ι.",Πόντος,40.0850088,23.9775837,Όπως το αγόρασα πουλώ σε αυτό.
96126,Τη σκύλλ' το δίκαιον πα δίκαιον εὶναι,"Πόντος, Χαλδία",http://hdl.handle.net/20.500.11853/184736,"Παπαδόπουλος, Άνθιμος Α.",Πόντος,40.0850088,23.9775837,Της σκύλας το δίκιο πάλι δίκιο είναι
95724,"Όλοι τη μάννα μου ρωτουν, το κόρη μου κανείς 'κε (δεν) ρωτάν τον","Πόντος, Ινέπολη",http://hdl.handle.net/20.500.11853/244067,"Παπαδόπουλος, Άνθιμος Α.",Πόντος,40.0850088,23.9775837,"Όλοι τη μάνα μου ρωτούν, το κορίτσι μου κανείς δεν το ρωτάει."
95801,Ούτε να είχαν ούτε εύραν,"Πόντος, Σάντα",http://hdl.handle.net/20.500.11853/217292,"Παπαδόπουλος, Άνθιμος Α.",Πόντος,40.0850088,23.9775837,Ούτε να είχαν ούτε βρήκαν
95360,Κρούω και παίρω,"Πόντος, Κοτύωρα",http://hdl.handle.net/20.500.11853/217040,"Παπαδόπουλος, Άνθιμος Α.",Πόντος,40.0850088,23.9775837,Χτυπώ και παίρνω
95605,Ο Κλέφτες τον κλέφτεν εμέφτεν,"Πόντος, Χαλδία",http://hdl.handle.net/20.500.11853/199705,"Παπαδόπουλος, Άνθιμος Α.",Πόντος,40.0850088,23.9775837,Ο κλέφτης τον κλέφτη μέμφεται
94734,Ας σο στόμα σ' και ς ση Θεού τ' ωτίν,"Πόντος, Χαλδία",http://hdl.handle.net/20.500.11853/184375,"Παπαδόπουλος, Άνθιμος Α.",Πόντος,40.0850088,23.9775837,Από το στόμα σου και στου Θεού το αυτί
96056,"Τα γράμματα φαντάματα, υιέ μ', τη λύρα παίξον","Πόντος, Κερασούντα",http://hdl.handle.net/20.500.11853/184686,"Παπαδόπουλος, Άνθιμος Α.",Πόντος,40.0850088,23.9775837,"Τα γράμματα φαντάσματα, γιε μου, τη λύρα παίξε."
94527,Άνεμος 'ς σο σπαθί σ',"Πόντος, Κερασούντα",http://hdl.handle.net/20.500.11853/244010,"Παπαδόπουλος, Άνθιμος Α.",Πόντος,40.0850088,23.9775837,Άνεμος στο σπαθί σου
3358,Ερρούξες άτον 'ς σου λύκου το στόμαν,Πόντος,http://hdl.handle.net/20.500.11853/277230,"Βαλαβάνης, Ι.",Πόντος,40.0850088,23.9775837,Τον έριξες στο στόμα του λύκου
97326,Τ' εκεινόν το κεφάλ να δεν κ' εξέρ και πάει η σογ γάμον να δεν τσι νύφες,Πόντος,http://hdl.handle.net/20.500.11853/165850,"Παπανανιάδης, Ελευθέριος",Πόντος,40.0850088,23.9775837,Αυτό το κεφάλι αν δεν ξέρει και πάει σε γάμο αν δεν δει νύφες.
95552,"Ο ήλεν είνας έν', άμα όλεν τον κόσμον κανείται","Πόντος, Σάντα",http://hdl.handle.net/20.500.11853/184838,"Παπαδόπουλος, Άνθιμος Α.",Πόντος,40.0850088,23.9775837,"Ο ήλιος ένας είναι, αλλά όλον τον κόσμο φωτίζει."
3811,"Ότι γυρεύινάμε 'ς τον ουρανό, αδω 'ς την νηγή ηύραμε το παιδί","Πόντος, Αμισός",http://hdl.handle.net/20.500.11853/164883,"Βαλαβάνης, Ι.",Πόντος,40.0850088,23.9775837,"Ό,τι ψάχναμε στον ουρανό, εδώ στη γη βρήκαμε το παιδί"
96259,Το παλαϊον το βουδ' εβγάλλ' τ' αυλάκ',"Πόντος, Τραπεζούντα",http://hdl.handle.net/20.500.11853/244014,"Παπαδόπουλος, Άνθιμος Α.",Πόντος,40.0850088,23.9775837,Το παλιό βόδι βγάζει το αυλάκι.
3322,Ελίβωσεν τ' ωτία,Πόντος,http://hdl.handle.net/20.500.11853/141064,"Βαλαβάνης, Ι.",Πόντος,40.0850088,23.9775837,Βούλωσε τα αυτιά.
3406,Η γραία τογ Καλαντάρην σύκα εγύρευεν,Πόντος,http://hdl.handle.net/20.500.11853/166833,"Βαλαβάνης, Ι.",Πόντος,40.0850088,23.9775837,Η γριά τον Καλαντάρη σύκα γύρευε
95143,Η γούλα 'τ' τρανόν έν,"Πόντος, Χαλδία",http://hdl.handle.net/20.500.11853/184085,"Παπαδόπουλος, Άνθιμος Α.",Πόντος,40.0850088,23.9775837,Το λαιμό του μεγάλο είναι
94817,Γάιδαρον πή κ' έχ' ς σο κερβάν' κι ταράεται,"Πόντος, Χαλδία",http://hdl.handle.net/20.500.11853/184406,"Παπαδόπουλος, Άνθιμος Α.",Πόντος,40.0850088,23.9775837,Γάιδαρο πει ότι έχεις στο καραβάνι και ταράζεται
95650,Ο νέον θολόν ποτάμιν εὶναι!,"Πόντος, Κερασούντα",http://hdl.handle.net/20.500.11853/217087,"Παπαδόπουλος, Άνθιμος Α.",Πόντος,40.0850088,23.9775837,Ο νέος θολό ποτάμι είναι!
94911,Έναν Παρασκευήν εξούκ' εὶναι,"Πόντος, Κρώμνη",http://hdl.handle.net/20.500.11853/244047,"Παπαδόπουλος, Άνθιμος Α.",Πόντος,40.0850088,23.9775837,Μια Παρασκευή δεν είναι.
4262,Άστριος μου με τον άστριον άτου 'κι ταιριάζει,"Πόντος, Οινόη",http://hdl.handle.net/20.500.11853/191046,"Βαμβακίδης, Ι.",Πόντος,40.0850088,23.9775837,Αστέρι μου με το αστέρι του δεν ταιριάζει
3385,Εφύσεσα ς σηγ καρδιάν ατ απέσ,Πόντος,http://hdl.handle.net/20.500.11853/269407,"Βαλαβάνης, Ι.",Πόντος,40.0850088,23.9775837,Φύσηξα στην καρδιά του κι έφυγε.
3658,Τι εὶναι η κονίδα και να εὶναι και το ζωμίν ατς,Πόντος,http://hdl.handle.net/20.500.11853/203399,"Βαλαβάνης, Ι.",Πόντος,40.0850088,23.9775837,Τι είναι η κόνιδα και τι είναι και το ζουμί της
95582,Ο κάλτς τον κάλ καραπέτ εκούυζεν,Πόντος,http://hdl.handle.net/20.500.11853/184853,"Παπαδόπουλος, Άνθιμος Α.",Πόντος,40.0850088,23.9775837,Ο γάτος τον άλλο γάτο καραβέτι κοίταζε
77782,Ο Μάρτς εφέκεν τα ζαντάτ' και οι γρακάδες σα εχτέθαν μουσκάρια,"Πόντος, Χαλδία",http://hdl.handle.net/20.500.11853/278491,"Μελανοφρύδης, Παντελεήμον Η.",Πόντος,40.0850088,23.9775837,Ο Μάρτης έβγαλε τα καλάμια και οι γάτες χτες έγιναν μουσκίδια.
96010,Τ' Αεργί' το φούστρον ακριβόν εὶναι,"Πόντος, Χαλδία",http://hdl.handle.net/20.500.11853/184675,"Παπαδόπουλος, Άνθιμος Α.",Πόντος,40.0850088,23.9775837,Του αέργου το φούσκωμα ακριβό είναι
4251,Άνοστος κι άβροτος,"Πόντος, Οινόη",http://hdl.handle.net/20.500.11853/191042,"Βαμβακίδης, Ι.",Πόντος,40.0850088,23.9775837,Άνοστος και άβροχος
94590,"Ακομάν πας, είπε η Πηνελόπη","Πόντος, Κοτύωρα",http://hdl.handle.net/20.500.11853/199658,"Παπαδόπουλος, Άνθιμος Α.",Πόντος,40.0850088,23.9775837,"Ακόμα να πας, είπε η Πηνελόπη"
3688,Ο Θεός νεκρόν ανασταίνει,Πόντος,http://hdl.handle.net/20.500.11853/163826,"Βαλαβάνης, Ι.",Πόντος,40.0850088,23.9775837,Ο Θεός νεκρό ανασταίνει
4146,Το σκύλον άγκεψον και το μαγκοούρ ετοίμασον,Πόντος,http://hdl.handle.net/20.500.11853/263964,"Βαλαβάνης, Ι.",Πόντος,40.0850088,23.9775837,Τον σκύλο άφησέ τον και το μαγκούρι ετοίμασε.
77968,Το τέρτιμ' όλον τη πεθεράσιμ' ο θάνατος ας έτον,"Πόντος, Χαλδία",http://hdl.handle.net/20.500.11853/286486,"Μελανοφρύδης, Παντελεήμον Η.",Πόντος,40.0850088,23.9775837,"Το βάσανό μου όλο με την πεθερά μου, ο θάνατος ας ήταν."
77536,Από μέγαν το ποτάμ' έπαρ νερόν,"Πόντος, Χαλδία",http://hdl.handle.net/20.500.11853/280125,"Μελανοφρύδης, Παντελεήμον Η.",Πόντος,40.0850088,23.9775837,Από μεγάλο το ποτάμι πάρε νερό
3761,Ο Χαλήλ αγάς εξέρει άτο,Πόντος,http://hdl.handle.net/20.500.11853/289008,"Βαλαβάνης, Ι.",Πόντος,40.0850088,23.9775837,Ο Χαλήλ αγάς το ξέρει αυτό
77892,Τ' ωβού τ' απές και τ' ελαίας τ' εξ είναν κι δύναται,"Πόντος, Χαλδία",http://hdl.handle.net/20.500.11853/153635,"Μελανοφρύδης, Παντελεήμον Η.",Πόντος,40.0850088,23.9775837,Το αυγό από εδώ και η ελιά από εκεί δεν γίνονται.
77733,"Να εμαρουκούντον, το κρέασατ' εφαγίουτον","Πόντος, Χαλδία",http://hdl.handle.net/20.500.11853/273933,"Μελανοφρύδης, Παντελεήμον Η.",Πόντος,40.0850088,23.9775837,"Να μαγειρεύονταν, το κρέας του θα το έτρωγαν."
77638,"Εσύ το δαβρίν λάϊξον και το ζαντον το μουλάρ, γίνεται πενλίν","Πόντος, Χαλδία",http://hdl.handle.net/20.500.11853/264285,"Μελανοφρύδης, Παντελεήμον Η.",Πόντος,40.0850088,23.9775837,"Εσύ το ανήφορο ανέβα και το κατήφορο κατέβα, γίνεται δρόμος."
96063,Τα καφούλα πα έχνε ωτία,Πόντος,http://hdl.handle.net/20.500.11853/184879,"Παπαδόπουλος, Άνθιμος Α.",Πόντος,40.0850088,23.9775837,Τα καβούρια έχουν αυτιά.
95662,Ο πεινασμένον 'ς σ' όνερον ατ' κοτέρα 'λέπει,"Πόντος, Τραπεζούντα",http://hdl.handle.net/20.500.11853/244075,"Παπαδόπουλος, Άνθιμος Α.",Πόντος,40.0850088,23.9775837,Ο πεινασμένος στο όνειρό του κοτέτσι βλέπει
95996,"Στραβοί, κουτζοί, 'ς τον Άη Παντελεήμονα","Πόντος, Ινέπολη",http://hdl.handle.net/20.500.11853/184661,"Παπαδόπουλος, Άνθιμος Α.",Πόντος,40.0850088,23.9775837,"Στραβοί, κουτσοί, στον Άη Παντελεήμονα"
93191,Τά 'μά τά μετρητά καί τά σά τ' αμέτρητα,Πόντος,http://hdl.handle.net/20.500.11853/191538,"Παμπούκης, Ιορδάνης",Πόντος,40.0850088,23.9775837,Τα μετρητά τά δικά μου και τα αμέτρητα δικά σου
78007,Αεν ταφί μυρωδίαν έσ,"Πόντος, Χαλδία",http://hdl.handle.net/20.500.11853/153659,"Μελίδης, Θεόδωρος",Πόντος,40.0850088,23.9775837,Αν ταφή μυρωδιά έχει.
4296,"Εβγάλλει ο κλέφταν τη φωνή, να φοβηθεί π' έχασε","Πόντος, Οινόη",http://hdl.handle.net/20.500.11853/210719,"Βαμβακίδης, Ι.",Πόντος,40.0850088,23.9775837,"Βγάζει ο κλέφτης τη φωνή, να φοβηθεί που έχασε"
3498,Κάποιος αποτρώγει σε,Πόντος,http://hdl.handle.net/20.500.11853/141073,"Βαλαβάνης, Ι.",Πόντος,40.0850088,23.9775837,Κάποιος σε τρώει.
77817,"Ουντάν εὶναι αίχτρια φογέθετε, οπίς βροχή εὶναι","Πόντος, Χαλδία",http://hdl.handle.net/20.500.11853/153605,"Μελανοφρύδης, Παντελεήμον Η.",Πόντος,40.0850088,23.9775837,"Όταν είναι αχνός φοβηθείτε, μετά βροχή είναι"
77542,"Ας έχς κι΄ ας έχωμε, άμαν ίλια αε έχωμε","Πόντος, Χαλδία",http://hdl.handle.net/20.500.11853/173070,"Μελανοφρύδης, Παντελεήμον Η.",Πόντος,40.0850088,23.9775837,"Ας έχεις κι ας έχουμε, άμα ήλιο να έχουμε"
95793,Ούμπαν γάμος και κλητόν κι Αζαρέας με το τζιμπόν,"Πόντος, Τραπεζούντα",http://hdl.handle.net/20.500.11853/184591,"Παπαδόπουλος, Άνθιμος Α.",Πόντος,40.0850088,23.9775837,Όπου γάμος και κλήτος και Λάζαρος με το τσαντί.
97308,Ο σκύλον τον σκύλον κι τρώει,Πόντος,http://hdl.handle.net/20.500.11853/263972,"Παπανανιάδης, Ελευθέριος",Πόντος,40.0850088,23.9775837,Ο σκύλος τον σκύλο και τρώει
77539,Απρίλτς κι αν εκατεπράεσεν απρινάρευτος κ εξέβεν,"Πόντος, Χαλδία",http://hdl.handle.net/20.500.11853/153571,"Μελανοφρύδης, Παντελεήμον Η.",Πόντος,40.0850088,23.9775837,"Απρίλης κι αν καλοπέρασε, απείραχτος βγήκε."
3527,Κι'αν παθάνης κι μαθάνεις,Πόντος,http://hdl.handle.net/20.500.11853/290615,"Βαλαβάνης, Ι.",Πόντος,40.0850088,23.9775837,Αν δεν παθαίνεις δεν μαθαίνεις
94978,Εγώ ντ' είχα επουλεσα και άλλο 'κι αγοράζω,"Πόντος, Κερασούντα",http://hdl.handle.net/20.500.11853/244037,"Παπαδόπουλος, Άνθιμος Α.",Πόντος,40.0850088,23.9775837,Εγώ που τα είχα πουλήσει και άλλο δεν αγοράζω
77889,Τ' οκνιάρκον το βουδ την Κερεκήν λείχ' τ' αλετρόζυγα,"Πόντος, Χαλδία",http://hdl.handle.net/20.500.11853/289588,"Μελανοφρύδης, Παντελεήμον Η.",Πόντος,40.0850088,23.9775837,Το οκνηρό βόδι την Κυριακή γλείφει τα αλέτριζυγα
78041,Εποίκα ατον κούφαν και παράν,"Πόντος, Χαλδία",http://hdl.handle.net/20.500.11853/264269,"Μελίδης, Θεόδωρος",Πόντος,40.0850088,23.9775837,Τον έκανα κουφό και παράλογο
95426,Με το ζόρι ο τσύλλος άβι 'κέ πάει,"Πόντος, Χαλδία",http://hdl.handle.net/20.500.11853/184191,"Παπαδόπουλος, Άνθιμος Α.",Πόντος,40.0850088,23.9775837,Με το ζόρι ο σκύλος άβει δεν πάει
96046,Τ' ωβού τ' απέσ και τ' ελαίας τ' εξ έναν κι δίν' νατα,"Πόντος, Χαλδία",http://hdl.handle.net/20.500.11853/184822,"Παπαδόπουλος, Άνθιμος Α.",Πόντος,40.0850088,23.9775837,Τα αυγά τα άφησε και τις ελιές τις πήρε και τις έδωσε.
95467,"Μουσκάρ' αν έχ', θα γεννά","Πόντος, Σάντα",http://hdl.handle.net/20.500.11853/184198,"Παπαδόπουλος, Άνθιμος Α.",Πόντος,40.0850088,23.9775837,"Αν μοσχάρι έχει, θα γεννά"
3596,Με τα ξένα τα φτερά μη πετάς,Πόντος,http://hdl.handle.net/20.500.11853/203397,"Βαλαβάνης, Ι.",Πόντος,40.0850088,23.9775837,Με τα ξένα φτερά μην πετάς
77684,Κακόν ανανάμονον,"Πόντος, Χαλδία",http://hdl.handle.net/20.500.11853/268775,"Μελανοφρύδης, Παντελεήμον Η.",Πόντος,40.0850088,23.9775837,Κακό ανακάτεμα.
77940,Το θέλ πλάν' και το θέλ' χάν',"Πόντος, Χαλδία",http://hdl.handle.net/20.500.11853/173200,"Μελανοφρύδης, Παντελεήμον Η.",Πόντος,40.0850088,23.9775837,Το θέλει πλανά και το θέλει χάνει
78030,Έμαθεν η κόρη γυμνή και φορεμέντσα εντρέπεται,"Πόντος, Χαλδία",http://hdl.handle.net/20.500.11853/264262,"Μελίδης, Θεόδωρος",Πόντος,40.0850088,23.9775837,Έμαθε η κόρη γυμνή και ντυμένη ντρέπεται
95271,Κάθα είς ντό ΄κ΄ έχ΄χαβασλαεύ,"Πόντος, Σάντα",http://hdl.handle.net/20.500.11853/184139,"Παπαδόπουλος, Άνθιμος Α.",Πόντος,40.0850088,23.9775837,Καθένας που δεν έχει δουλειά.
3048,Αγκιστροκλέφτας ομοιάζει,Πόντος,http://hdl.handle.net/20.500.11853/141200,"Βαλαβάνης, Ι.",Πόντος,40.0850088,23.9775837,Αγκιστροκλέφτης μοιάζει
3565,Λάγγα λάγγα πορπατεί,Πόντος,http://hdl.handle.net/20.500.11853/264050,"Βαλαβάνης, Ι.",Πόντος,40.0850088,23.9775837,Λάγκα λάγκα περπατάει
94747,"Ας σον κοντόν τον άρθεπον να φογάσαι όσον εὶναι απάν' τη γης, ατόσον εὶναι κι αφκά τη γης","Πόντος, Κερασούντα",http://hdl.handle.net/20.500.11853/199672,"Παπαδόπουλος, Άνθιμος Α.",Πόντος,40.0850088,23.9775837,"Από τον κοντό τον άνθρωπο να φοβάσαι όσο είναι πάνω στη γη, τόσο είναι και κάτω από τη γη"
3922,Σ σο μεγάλον το ποτάμιν να πνίγεσαι,Πόντος,http://hdl.handle.net/20.500.11853/279245,"Βαλαβάνης, Ι.",Πόντος,40.0850088,23.9775837,Στο μεγάλο το ποτάμι να πνίγεσαι
95228,Ήνταν μαθάντς εκείνο πα κρατείς,"Πόντος, Σάντα",http://hdl.handle.net/20.500.11853/243967,"Παπαδόπουλος, Άνθιμος Α.",Πόντος,40.0850088,23.9775837,Τι μαθαίνεις εκείνο να κρατάς
77748,Ο γάμον θέλει τύμπανα κ' η Εκκλησία ψάλτεν,"Πόντος, Χαλδία",http://hdl.handle.net/20.500.11853/153610,"Μελανοφρύδης, Παντελεήμον Η.",Πόντος,40.0850088,23.9775837,Ο γάμος θέλει τύμπανα κι η Εκκλησία ψάλτες.
4021,Τα μικρά τ΄ οψάρια τρώγουνταν α σα μεγάλα,Πόντος,http://hdl.handle.net/20.500.11853/279563,"Βαλαβάνης, Ι.",Πόντος,40.0850088,23.9775837,Τα μικρά τα ψάρια τρώγονται από τα μεγάλα
18618,"Το στόμαν ατ' το λέει, τωτίατ' κι ακούγιε","Πόντος, Αργυρούπολη",http://hdl.handle.net/20.500.11853/143130,"Ζουντούρης, Γ.",Πόντος,40.0850088,23.9775837,"Το στόμα του το λέει, τα αυτιά του δεν ακούνε"
99626,Έντρισεν το συκοκούρ' σαγ σούν καστανοκούρ',"Πόντος, Τραπεζούντα",http://hdl.handle.net/20.500.11853/191488,"Παρχαρίδης, Ι. Α.",Πόντος,40.0850088,23.9775837,Το συκόφυλλο έπεσε σαν το καστανοκόρφο.
3127,Ας σα σείλεα πρόβατον κι' ας σην καρδίαν λύκος,Πόντος,http://hdl.handle.net/20.500.11853/269660,"Βαλαβάνης, Ι.",Πόντος,40.0850088,23.9775837,Ας στέκεσαι πρόβατο κι ας στην καρδιά λύκος
4319,Η έμορφη η κόρη επίσου σο κουνί φαίνεται,"Πόντος, Οινόη",http://hdl.handle.net/20.500.11853/210723,"Βαμβακίδης, Ι.",Πόντος,40.0850088,23.9775837,Η όμορφη η κόρη ακόμα και στην κούνια φαίνεται
96043,Τ' οψάρ' ας σο κιφάλ βρομά,"Πόντος, Σάντα",http://hdl.handle.net/20.500.11853/217514,"Παπαδόπουλος, Άνθιμος Α.",Πόντος,40.0850088,23.9775837,Το ψάρι από το κεφάλι βρομάει
99590,Άλλ' κάμν κι άλλ τρώγνε,"Πόντος, Κρώμνη",http://hdl.handle.net/20.500.11853/191516,"Παρχαρίδης, Ι. Α.",Πόντος,40.0850088,23.9775837,Άλλοι κάνουν κι άλλοι τρώνε
4034,Τα σκυλία άλας δι,Πόντος,http://hdl.handle.net/20.500.11853/264011,"Βαλαβάνης, Ι.",Πόντος,40.0850088,23.9775837,Τα σκυλιά αλάτι τρώνε.
94623,Αν την ειπής 'κυράτσα μου 'θενά σε ειπή 'νυφίτσα μου!,"Πόντος, Ινέπολη",http://hdl.handle.net/20.500.11853/217119,"Παπαδόπουλος, Άνθιμος Α.",Πόντος,40.0850088,23.9775837,Αν της πεις «κυρά μου» πουθενά θα σου πει «νυφούλα μου»!
77723,Με το ζόρ ποπάς κι γίνεται,"Πόντος, Χαλδία",http://hdl.handle.net/20.500.11853/173091,"Μελανοφρύδης, Παντελεήμον Η.",Πόντος,40.0850088,23.9775837,Με το ζόρι παπάς δεν γίνεται
77939,"Το θα λες α κούτ – μούτ, ' πέατο αρμούτ","Πόντος, Χαλδία",http://hdl.handle.net/20.500.11853/275771,"Μελανοφρύδης, Παντελεήμον Η.",Πόντος,40.0850088,23.9775837,"Θα λες το κούτ-μούτ, να φας αχλάδι."
96291,Τοην ήλιο πίρχον ιδής τον ειτονά σου θωρείς,"Πόντος, Ινέπολη",http://hdl.handle.net/20.500.11853/184787,"Παπαδόπουλος, Άνθιμος Α.",Πόντος,40.0850088,23.9775837,Πριν δεις τον ήλιο βλέπεις τον γείτονά σου
96373,Τσί σ'κούται φορεί κι αντρίζ';,"Πόντος, Κρώμνη",http://hdl.handle.net/20.500.11853/184345,"Παπαδόπουλος, Άνθιμος Α.",Πόντος,40.0850088,23.9775837,Ποιος σηκώνει φορτίο και ανδρείεύεται;
95158,"Η κάτα καλό 'κε ξέρει, τρώει τρώει και τα μάκια της σφίγγειν τα","Πόντος, Ινέπολη",http://hdl.handle.net/20.500.11853/184095,"Παπαδόπουλος, Άνθιμος Α.",Πόντος,40.0850088,23.9775837,"Η γάτα καλό δεν ξέρει, τρώει τρώει και τα μάτια της τα σφίγγει."
94696,Ας εφτά πεγάδα νερόν έφερα κ' εκέρασ' άτον,"Πόντος, Κερασούντα",http://hdl.handle.net/20.500.11853/217134,"Παπαδόπουλος, Άνθιμος Α.",Πόντος,40.0850088,23.9775837,Από εφτά πηγάδια νερό έφερα και τον κέρασα
95169,Η καλατζή φερ' την καλατζήν,"Πόντος, Χαλδία",http://hdl.handle.net/20.500.11853/216959,"Παπαδόπουλος, Άνθιμος Α.",Πόντος,40.0850088,23.9775837,Η καλατζού φέρνει την καλατζού.
95903,Σ σ' άρκονος τον κώλον κι άλλο άλειμμαν αλείφτς,"Πόντος, Χαλδία",http://hdl.handle.net/20.500.11853/184632,"Παπαδόπουλος, Άνθιμος Α.",Πόντος,40.0850088,23.9775837,Στου αρκούδου τον κώλο κι άλλο άλειμμα αλείφεις
3573,Λύκος εποταμίγεν,Πόντος,http://hdl.handle.net/20.500.11853/277352,"Βαλαβάνης, Ι.",Πόντος,40.0850088,23.9775837,Ο λύκος ποταμό πέρασε.
95781,Ολίγον φα κ' είναν παραγιόν πίασον,Πόντος,http://hdl.handle.net/20.500.11853/244063,"Παπαδόπουλος, Άνθιμος Α.",Πόντος,40.0850088,23.9775837,Λίγο φάε και γίνε παραγιός σύντομα.
3068,Αλάλετον σκαμνίν κι εσ',"Πόντος, Τραπεζούντα",http://hdl.handle.net/20.500.11853/141117,"Βαλαβάνης, Ι.",Πόντος,40.0850088,23.9775837,Άλαλο σκαμνί είσαι!
77651,Εχτάλειψεν ο πετεινόν κ' εύρεν τη γούλασ ατ το μαχαίρ,"Πόντος, Χαλδία",http://hdl.handle.net/20.500.11853/153581,"Μελανοφρύδης, Παντελεήμον Η.",Πόντος,40.0850088,23.9775837,Ο πετεινός έσκαψε και βρήκε στη γούλα του το μαχαίρι.
95887,Που να γράφτωμ' άτο;,"Πόντος, Τραπεζούντα",http://hdl.handle.net/20.500.11853/184618,"Παπαδόπουλος, Άνθιμος Α.",Πόντος,40.0850088,23.9775837,Που να το γράψω;
95171,Η Καλλιά είχε πουλλί κι όλη μέρα χόρευε,"Πόντος, Ινέπολη",http://hdl.handle.net/20.500.11853/184094,"Παπαδόπουλος, Άνθιμος Α.",Πόντος,40.0850088,23.9775837,Η Καλλιά είχε πουλί κι όλη μέρα χόρευε
95283,Καβαλλ'κεύομε τον γαιδούρα ους να φτάνωμεν τον αλογά,"Πόντος, Κοτύωρα",http://hdl.handle.net/20.500.11853/184138,"Παπαδόπουλος, Άνθιμος Α.",Πόντος,40.0850088,23.9775837,Καβαλικεύουμε τον γάιδαρο ώσπου να φτάσουμε το άλογο
3788,Όποιος καυκίσκεται μαγαρίσκεται,Πόντος,http://hdl.handle.net/20.500.11853/203403,"Βαλαβάνης, Ι.",Πόντος,40.0850088,23.9775837,Όποιος καυχιέται μαγαρίζεται
4184,Τοξώνω τηρ ράσιαν,Πόντος,http://hdl.handle.net/20.500.11853/264047,"Βαλαβάνης, Ι.",Πόντος,40.0850088,23.9775837,Στρώνω τα ρούχα.
96085,Τα περηφανεμένα τα χωράφα βασιλεύουν,"Πόντος, Κερασούντα",http://hdl.handle.net/20.500.11853/244152,"Παπαδόπουλος, Άνθιμος Α.",Πόντος,40.0850088,23.9775837,Τα περηφανεμένα τα χωράφια βασιλεύουν
77836,"Πολλά βούτουρον π' έχ, βάλλ και σα λάχανα","Πόντος, Χαλδία",http://hdl.handle.net/20.500.11853/264308,"Μελανοφρύδης, Παντελεήμον Η.",Πόντος,40.0850088,23.9775837,"Πολύ βούτυρο που έχεις, βάλε και στα λάχανα"
94671,Απού βραδής γιόρτασέ με και την αυγήν κατέλυσέ με,"Πόντος, Ινέπολη",http://hdl.handle.net/20.500.11853/184309,"Παπαδόπουλος, Άνθιμος Α.",Πόντος,40.0850088,23.9775837,Από βραδύς γιόρτασέ με και την αυγή κατέλυσέ με
95835,Πέντε παιδιών μάννα του φέρονος η καλομάννα,"Πόντος, Χαλδία",http://hdl.handle.net/20.500.11853/243996,"Παπαδόπουλος, Άνθιμος Α.",Πόντος,40.0850088,23.9775837,Πέντε παιδιών μάνα του φρόνιμου η καλομάνα
3157,"Ατός ως τα να πάγη κ' έρ(σε)ται, κάστρια παίρκουνταν",Πόντος,http://hdl.handle.net/20.500.11853/203371,"Βαλαβάνης, Ι.",Πόντος,40.0850088,23.9775837,"Αυτός όπου να πάει κι έρχεται, κάστρα παίρνονταν"
95587,Ο κακόν ο γειτονάς ευτάει τον γειτονάν ατ' με το χετσάτ,"Πόντος, Χαλδία",http://hdl.handle.net/20.500.11853/184538,"Παπαδόπουλος, Άνθιμος Α.",Πόντος,40.0850088,23.9775837,Ο κακός ο γείτονας σηκώνει τον γείτονά του με το τσεκούρι.
96194,Το θελυκό το πουλλί φτειάνει τη φωλιά,"Πόντος, Ινέπολη",http://hdl.handle.net/20.500.11853/184761,"Παπαδόπουλος, Άνθιμος Α.",Πόντος,40.0850088,23.9775837,Το θηλυκό πουλί φτιάχνει τη φωλιά
90546,Ξεράθηκε στα γέλια,"Πόντος, Κοτύωρα",http://hdl.handle.net/20.500.11853/196146,"Ξενίτας, Ξένου",Πόντος,40.0850088,23.9775837,Ξεράθηκε στα γέλια
3488,Ίσα με το πάπλωμα σ' άπλωσον τα ποδάρια σ',Πόντος,http://hdl.handle.net/20.500.11853/141205,"Βαλαβάνης, Ι.",Πόντος,40.0850088,23.9775837,Ίσα με το πάπλωμά σου άπλωσε τα ποδάρια σου
77803,Οι κοτσοί η κορώνες θ' εβγάλνε τ' ομμάτια τ',"Πόντος, Χαλδία",http://hdl.handle.net/20.500.11853/272172,"Μελανοφρύδης, Παντελεήμον Η.",Πόντος,40.0850088,23.9775837,Οι κουτοί οι κορώνες θα βγάλουν τα μάτια τους.
95021,Εκεί που είναι πολλοί πετεινοί αργά μερώνει,"Πόντος, Ινέπολη",http://hdl.handle.net/20.500.11853/244045,"Παπαδόπουλος, Άνθιμος Α.",Πόντος,40.0850088,23.9775837,Εκεί που είναι πολλοί πετεινοί αργά ξημερώνει
3220,"Έκαψε με το μαλέζ, να ωμοίαζεν και φαγείν",Πόντος,http://hdl.handle.net/20.500.11853/267080,"Βαλαβάνης, Ι.",Πόντος,40.0850088,23.9775837,"Έκαψε με το μαλλέζι, να έμοιαζε και να φαγωθεί."
94903,Έμ τ' ωβού τ' απέσ' έμ τ' ελαιάς τ' έξ' κανείς 'κί δί' σε,"Πόντος, Σάντα",http://hdl.handle.net/20.500.11853/184479,"Παπαδόπουλος, Άνθιμος Α.",Πόντος,40.0850088,23.9775837,Ούτε το αυγό από μέσα ούτε την ελιά απ' έξω κανείς δεν σου δίνει.
95601,Ο κλέφτες είχεν τον αδελφόν ατ' μάρτυραν,Πόντος,http://hdl.handle.net/20.500.11853/199828,"Παπαδόπουλος, Άνθιμος Α.",Πόντος,40.0850088,23.9775837,Ο κλέφτης είχε τον αδελφό του μάρτυρα
77900,Τα μαλλιάρια τ' άλογα με ταργυρά κωδώνια,"Πόντος, Χαλδία",http://hdl.handle.net/20.500.11853/153637,"Μελανοφρύδης, Παντελεήμον Η.",Πόντος,40.0850088,23.9775837,Τα μαλλιαρά άλογα με τα ασημένια κουδούνια
77674,Η χώρα πάντα χώρα εὶναι κ' η γειτονεία ξένον,"Πόντος, Χαλδία",http://hdl.handle.net/20.500.11853/173139,"Μελανοφρύδης, Παντελεήμον Η.",Πόντος,40.0850088,23.9775837,Η χώρα πάντα χώρα είναι και η γειτονιά ξένη.
96360,"Του στραβού το δίκαιο, του φτωχού το δίκαιο",Πόντος,http://hdl.handle.net/20.500.11853/184927,"Παπαδόπουλος, Άνθιμος Α.",Πόντος,40.0850088,23.9775837,"Του στραβού το δίκιο, του φτωχού το δίκιο"
77962,Το πρώιμον τ' αρνίν βυζάν' την μάναναθε και βυζάν' άλλ' είναι κι άλλο,"Πόντος, Χαλδία",http://hdl.handle.net/20.500.11853/153643,"Μελανοφρύδης, Παντελεήμον Η.",Πόντος,40.0850088,23.9775837,"Το πρόωρο αρνί θηλάζει τη μάνα του και θηλάζει, αλλά είναι άλλο."
77833,Ποι σπέρ΄ θα θερίζ΄,"Πόντος, Χαλδία",http://hdl.handle.net/20.500.11853/173094,"Μελανοφρύδης, Παντελεήμον Η.",Πόντος,40.0850088,23.9775837,Όποιος σπέρνει θα θερίζει
77993,Τσί θα έντριξα κιόλα άμαν κανείς μουστέρις πα κ' εξέβεν,"Πόντος, Χαλδία",http://hdl.handle.net/20.500.11853/153598,"Μελανοφρύδης, Παντελεήμον Η.",Πόντος,40.0850088,23.9775837,Άδικα θα στεκόμουν κιόλας άμα κανένας πελάτης δεν ερχόταν.
77718,Λύχ' τήν απαλάμιαν,"Πόντος, Χαλδία",http://hdl.handle.net/20.500.11853/276853,"Μελανοφρύδης, Παντελεήμον Η.",Πόντος,40.0850088,23.9775837,Λύσε την απαλάμη.
99588,Άθρωπον το μαθάν' τσετίνεα απομαθάν',"Πόντος, Τραπεζούντα",http://hdl.handle.net/20.500.11853/246500,"Παρχαρίδης, Ι. Α.",Πόντος,40.0850088,23.9775837,Άνθρωπο που μαθαίνει δύσκολα ξεμαθαίνει.
94645,Απέμπρ' κυρά! Κι αποπίσ' 'κοσκινόκωλε!,"Πόντος, Χαλδία",http://hdl.handle.net/20.500.11853/184311,"Παπαδόπουλος, Άνθιμος Α.",Πόντος,40.0850088,23.9775837,Από μπρος κυρά! Κι από πίσω κοσκινόκωλη!
95814,"Πάππο μ', το μυτί σ΄ υλίζ'. Υιέ μ', χειμων'κός έν. Αρ' εγώ την άνοιξιν πα εξέρω σε","Πόντος, Τραπεζούντα",http://hdl.handle.net/20.500.11853/217088,"Παπαδόπουλος, Άνθιμος Α.",Πόντος,40.0850088,23.9775837,"Παππού μου, η μύτη σου στάζει. Γιε μου, χειμωνιάτικος είναι. Άρα εγώ την άνοιξη πάλι θα σε ξέρω."
95940,Σ σο ξερόν καικά καίεται και το ζογρόν,"Πόντος, Χαλδία",http://hdl.handle.net/20.500.11853/217364,"Παπαδόπουλος, Άνθιμος Α.",Πόντος,40.0850088,23.9775837,Στο ξερό καίγεται και το ζωντανό.
3520,"Καλόν τυρίν, 'ς σι σκύλ' τ' αγγίν",Πόντος,http://hdl.handle.net/20.500.11853/263988,"Βαλαβάνης, Ι.",Πόντος,40.0850088,23.9775837,"Καλό τυρί, στον σκύλο μην το δίνεις"
95808,Π' εληγορεί ν' αρχοντύν συερά τήν εφτωχίαν,"Πόντος, Τραπεζούντα",http://hdl.handle.net/20.500.11853/244105,"Παπαδόπουλος, Άνθιμος Α.",Πόντος,40.0850088,23.9775837,Όποιος περιφρονεί την αρχοντιά συχνά αγαπά τη φτώχεια.
95287,Καθείς τη λόγ' ατ' ας τζαφίεται,"Πόντος, Κερασούντα",http://hdl.handle.net/20.500.11853/199630,"Παπαδόπουλος, Άνθιμος Α.",Πόντος,40.0850088,23.9775837,Καθένας τη γλώσσα του ας κρατιέται.
95350,"Κρεμάει το ζωνάρι του, του πάτησαν το ζωνάρι",Πόντος,http://hdl.handle.net/20.500.11853/184912,"Παπαδόπουλος, Άνθιμος Α.",Πόντος,40.0850088,23.9775837,"Κρεμάει το ζωνάρι του, του πάτησαν το ζωνάρι"
77761,"Ο καλόν άντρας ευρήκ κακέσαν γυναίκαν, κ' η καλέσσα η γυναίκα ευρήκ' κακόν άντραν","Πόντος, Χαλδία",http://hdl.handle.net/20.500.11853/206817,"Μελανοφρύδης, Παντελεήμον Η.",Πόντος,40.0850088,23.9775837,"Ο καλός άντρας βρήκε κακή γυναίκα, και η καλή γυναίκα βρήκε κακό άντρα."
95299,Κακόν είχες,"Πόντος, Ινέπολη",http://hdl.handle.net/20.500.11853/217012,"Παπαδόπουλος, Άνθιμος Α.",Πόντος,40.0850088,23.9775837,Κακό είχες
77505,Άραθα μάραθα,"Πόντος, Χαλδία",http://hdl.handle.net/20.500.11853/153562,"Μελανοφρύδης, Παντελεήμον Η.",Πόντος,40.0850088,23.9775837,Άρατα μάρατα
3743,"Ο πετεινόν που κουγίζει παρώρας, κόφτει το κεφάλιν ατ",Πόντος,http://hdl.handle.net/20.500.11853/263997,"Βαλαβάνης, Ι.",Πόντος,40.0850088,23.9775837,"Ο πετεινός που λαλεί ακατάλληλες ώρες, κόβουν το κεφάλι του"
3131,Ας σο μυτίμ μ έρθεν,Πόντος,http://hdl.handle.net/20.500.11853/283725,"Βαλαβάνης, Ι.",Πόντος,40.0850088,23.9775837,Από τη μύτη μου ήρθε.
94603,Αλοτίζ' σκυλλία,"Πόντος, Χαλδία",http://hdl.handle.net/20.500.11853/244005,"Παπαδόπουλος, Άνθιμος Α.",Πόντος,40.0850088,23.9775837,Γαβγίζουν σκυλιά
97295,Νέα υα τ νε ευλοϊα τ,Πόντος,http://hdl.handle.net/20.500.11853/165837,"Παπανανιάδης, Ελευθέριος",Πόντος,40.0850088,23.9775837,Νέα είναι η ευλογία της.
94819,Γάμος για ζιγιαφέτ' και ψαλμός για ψυχής ωφέλειαν,"Πόντος, Χαλδία",http://hdl.handle.net/20.500.11853/184408,"Παπαδόπουλος, Άνθιμος Α.",Πόντος,40.0850088,23.9775837,Γάμος για γλέντι και ψαλμός για ψυχής ωφέλεια
94784,Αψύν οξίδ' ένι,"Πόντος, Κερασούντα",http://hdl.handle.net/20.500.11853/184395,"Παπαδόπουλος, Άνθιμος Α.",Πόντος,40.0850088,23.9775837,Το ξινό ξύδι είναι.
94967,"Εγώ άμον εσέν' κι' γίνουμαι, εσέν άμον εμέν ευτάγω","Πόντος, Χαλδία",http://hdl.handle.net/20.500.11853/184447,"Παπαδόπουλος, Άνθιμος Α.",Πόντος,40.0850088,23.9775837,"Εγώ όπως εσένα κι γίνομαι, εσένα όπως εμένα σε κάνω"
95674,Ο σκύλλον αν αλλάζ' το μαλλίν ατ' αλλάζ' το ταπιέτ'ν ατ' κι αλλάζ',"Πόντος, Κοτύωρα",http://hdl.handle.net/20.500.11853/244087,"Παπαδόπουλος, Άνθιμος Α.",Πόντος,40.0850088,23.9775837,Ο σκύλος αν αλλάζει το μαλλί του αλλάζει τη συνήθειά του δεν αλλάζει.
77603,Έρθεν άντρασιμ' κι άσπρα η έγκεν και για τέρ' τα τέρτια τ' έγκεν,"Πόντος, Χαλδία",http://hdl.handle.net/20.500.11853/153587,"Μελανοφρύδης, Παντελεήμον Η.",Πόντος,40.0850088,23.9775837,Ήρθε ο άντρας μου και άσπρα έφερε και για το σπίτι τα βάσανά του έφερε
77902,Τα πέντιατ παίζνε,"Πόντος, Χαλδία",http://hdl.handle.net/20.500.11853/264322,"Μελανοφρύδης, Παντελεήμον Η.",Πόντος,40.0850088,23.9775837,Τα παιδιά παίζουν
4194,Τσαφίγου τη λόγου σ',Πόντος,http://hdl.handle.net/20.500.11853/203425,"Βαλαβάνης, Ι.",Πόντος,40.0850088,23.9775837,Το ξαφνικό τα λόγια σου.
3670,"Ο γάιδιορον ψοφά 'ς το ρασίν, αμμά η ζημία 'ς σο σπίτιν κάθεται",Πόντος,http://hdl.handle.net/20.500.11853/166825,"Βαλαβάνης, Ι.",Πόντος,40.0850088,23.9775837,"Ο γάιδαρος ψοφά στο ράσι, αλλά η ζημιά στο σπίτι μένει."
96035,Τ' ομμάτ' τι 'κι γιαραεύ ας εβγαίν',"Πόντος, Σάντα",http://hdl.handle.net/20.500.11853/217232,"Παπαδόπουλος, Άνθιμος Α.",Πόντος,40.0850088,23.9775837,Το μάτι που δεν γιατρεύεται ας βγαίνει!
3995,Τ' οβγόν ς σό κουδούκιν κρατεί,Πόντος,http://hdl.handle.net/20.500.11853/141075,"Βαλαβάνης, Ι.",Πόντος,40.0850088,23.9775837,Το αυγό στο κουδούνι κρατεί
3389,Εχαλύρωνων ο κώλος ατ,Πόντος,http://hdl.handle.net/20.500.11853/273002,"Βαλαβάνης, Ι.",Πόντος,40.0850088,23.9775837,Εχαλάρωνε ο κώλος του
95622,"Ο λύκο άντα κρούη ς σά πρόβατα, άς κλαίη όπ έχ' τό ένα","Πόντος, Όφις",http://hdl.handle.net/20.500.11853/184204,"Παπαδόπουλος, Άνθιμος Α.",Πόντος,40.0850088,23.9775837,"Ο λύκος όταν χτυπάει στα πρόβατα, ας κλαίει αυτός που έχει το ένα."
95212,"Η τζούνα όνταν εληγορή, στραβά ποίει τα παιδία 'τ'ς","Πόντος, Κερασούντα",http://hdl.handle.net/20.500.11853/184124,"Παπαδόπουλος, Άνθιμος Α.",Πόντος,40.0850088,23.9775837,"Η μάνα όταν αργοπορεί, στραβά κάνει τα παιδιά της"
3769,Όλοι έναν κουμάσιν είν,Πόντος,http://hdl.handle.net/20.500.11853/271600,"Βαλαβάνης, Ι.",Πόντος,40.0850088,23.9775837,Όλοι ένα κουμάσι είναι!
77996,"Χα ο Λεφτέρτς, και πασιά λέγωσε 'πέατον Λεφτέρ","Πόντος, Χαλδία",http://hdl.handle.net/20.500.11853/275772,"Μελανοφρύδης, Παντελεήμον Η.",Πόντος,40.0850088,23.9775837,"Χα ο Λευτέρης, και πασιά τον αποκάλεσαν τον Λευτέρη."
95087,Εσύ τι θα λες εγώ απέσ'-ι-μ' έχ' άτα,"Πόντος, Κρώμνη",http://hdl.handle.net/20.500.11853/216944,"Παπαδόπουλος, Άνθιμος Α.",Πόντος,40.0850088,23.9775837,Εσύ τι λες εγώ από εμένα έχω αυτά
95924,"Σ ση θάλασσαν να πάγη, νερόν 'κ' ευρήκει","Πόντος, Κερασούντα",http://hdl.handle.net/20.500.11853/184636,"Παπαδόπουλος, Άνθιμος Α.",Πόντος,40.0850088,23.9775837,"Στη θάλασσα να πάει, νερό δεν θα βρει"
95923,"Σ ση θάλασσαν καικά πα αν κάθεσαι, όσον το παρακείται σε","Πόντος, Χαλδία",http://hdl.handle.net/20.500.11853/184635,"Παπαδόπουλος, Άνθιμος Α.",Πόντος,40.0850088,23.9775837,"Στη θάλασσα καΐκι αν κάθεσαι, όσο το πλησιάζεις σε."
90550,"Σερ ποι κι κόφκεται, προσκυνώ άτο","Πόντος, Κοτύωρα",http://hdl.handle.net/20.500.11853/247876,"Ξενίτας, Ξένου",Πόντος,40.0850088,23.9775837,"Όποιο δέντρο κι αν κόβεται, το προσκυνώ."
3940,Σ' σού Θεού το σέριν εὶναι,Πόντος,http://hdl.handle.net/20.500.11853/166919,"Βαλαβάνης, Ι.",Πόντος,40.0850088,23.9775837,Στου Θεού το χέρι είναι
95136,"Η γλώσσα ζογρό γερτέ τσείται, κλαδία ούτσ' έχ'","Πόντος, Όφις",http://hdl.handle.net/20.500.11853/184064,"Παπαδόπουλος, Άνθιμος Α.",Πόντος,40.0850088,23.9775837,"Η γλώσσα ζωντανό ψάρι γυρνάει παντού, κλαδιά ούτε έχει."
4306,Εκύλιεν το κουτί κι ηύρεν το κουτοπούλι,"Πόντος, Οινόη",http://hdl.handle.net/20.500.11853/191065,"Βαμβακίδης, Ι.",Πόντος,40.0850088,23.9775837,Κύλησε το κουτί και βρήκε το κουτοπούλι
78038,Εκυλίεν το κουτίν κι' εύρεν το πώμαν άθες,"Πόντος, Χαλδία",http://hdl.handle.net/20.500.11853/153662,"Μελίδης, Θεόδωρος",Πόντος,40.0850088,23.9775837,Κύλησε το κουτί και βρήκε το πώμα χθες.
95608,Ο κλέφτης είχε τον αδελφόν ατ μάρτυραν,"Πόντος, Χαλδία",http://hdl.handle.net/20.500.11853/199701,"Παπαδόπουλος, Άνθιμος Α.",Πόντος,40.0850088,23.9775837,Ο κλέφτης είχε τον αδελφό του μάρτυρα
3921,Σ σο κοτσορύμ π' επέθανεν ο χάρος ατ εκείνο,Πόντος,http://hdl.handle.net/20.500.11853/263959,"Βαλαβάνης, Ι.",Πόντος,40.0850088,23.9775837,Στο κοτσιδάκι που πέθανε ο χάρος είναι εκείνο
95780,Ολίγον και τζουμουρόπον,"Πόντος, Σάντα",http://hdl.handle.net/20.500.11853/217266,"Παπαδόπουλος, Άνθιμος Α.",Πόντος,40.0850088,23.9775837,Λίγο και ζουμερό.
94762,Ατός όθεν 'κι σπέρ' θερίζ',"Πόντος, Σάντα",http://hdl.handle.net/20.500.11853/244023,"Παπαδόπουλος, Άνθιμος Α.",Πόντος,40.0850088,23.9775837,Αυτός όπου δεν σπέρνει δεν θερίζει
3361,Εσήβαμε κ σου Αύγουστον και σου σειμού των άκραν,Πόντος,http://hdl.handle.net/20.500.11853/141234,"Βαλαβάνης, Ι.",Πόντος,40.0850088,23.9775837,Πήγαμε και τον Αύγουστο και στον χειμώνα στα άκρα.
77501,Άντραν κι άλογον ποι κ' έχ;,"Πόντος, Χαλδία",http://hdl.handle.net/20.500.11853/153560,"Μελανοφρύδης, Παντελεήμον Η.",Πόντος,40.0850088,23.9775837,Άντρα και άλογο τι δεν έχω;
3326,Εμάκρυνεν ο γάΙδΙαρον κ' εκόντυνεν το σαμάριν ατ,Πόντος,http://hdl.handle.net/20.500.11853/203378,"Βαλαβάνης, Ι.",Πόντος,40.0850088,23.9775837,Απομακρύνθηκε ο γάιδαρος και κοντύνει το σαμάρι του.
3215,Έβαλε τεμέλιν,Πόντος,http://hdl.handle.net/20.500.11853/161282,"Βαλαβάνης, Ι.",Πόντος,40.0850088,23.9775837,Έβαλε θεμέλιο
95518,"Ξένο ψωμί, καλόκοπο μαχαίρι","Πόντος, Ινέπολη",http://hdl.handle.net/20.500.11853/199805,"Παπαδόπουλος, Άνθιμος Α.",Πόντος,40.0850088,23.9775837,"Ξένο ψωμί, κοφτερό μαχαίρι"
90534,Εσύ είσαι τη Παναγίας η κάτα,"Πόντος, Κοτύωρα",http://hdl.handle.net/20.500.11853/196139,"Ξενίτας, Ξένου",Πόντος,40.0850088,23.9775837,Εσύ είσαι της Παναγίας η χάρη
95723,Όλοι πάγουν 'ς σ' εμέτερα κ' εγώ 'ς ση γειτονίαν,"Πόντος, Κερασούντα",http://hdl.handle.net/20.500.11853/184552,"Παπαδόπουλος, Άνθιμος Α.",Πόντος,40.0850088,23.9775837,Όλοι πάνε στα δικά μας κι εγώ στη γειτονιά.
78023,Γαμπρέ φούστουρον τράς;,"Πόντος, Χαλδία",http://hdl.handle.net/20.500.11853/165520,"Μελίδης, Θεόδωρος",Πόντος,40.0850088,23.9775837,Γαμπρέ φουστανί τραβάς;
95958,Σ' σήν ανεφορίαν το σύντεκνον ατ' κ' εγνωρίζ' και 'ς σήν κατεφορίαν το γάϊδαρον,"Πόντος, Τραπεζούντα",http://hdl.handle.net/20.500.11853/184638,"Παπαδόπουλος, Άνθιμος Α.",Πόντος,40.0850088,23.9775837,Στην ανεφορία τον σύντεκνό του δεν τον γνωρίζει και στην κατεφορία τον γάιδαρο.
94678,"Αρ' κανείται, είπε ο Τράτσο","Πόντος, Κοτύωρα",http://hdl.handle.net/20.500.11853/199670,"Παπαδόπουλος, Άνθιμος Α.",Πόντος,40.0850088,23.9775837,"Α, φτάνει, είπε ο Τράτσος"
77629,Επήραν τα ρωθώνιατ αέραν,"Πόντος, Χαλδία",http://hdl.handle.net/20.500.11853/291244,"Μελανοφρύδης, Παντελεήμον Η.",Πόντος,40.0850088,23.9775837,Πήραν τα ρουθούνια του αέρα.
94816,Βροχή κι αέρας έτον,"Πόντος, Κερασούντα",http://hdl.handle.net/20.500.11853/184405,"Παπαδόπουλος, Άνθιμος Α.",Πόντος,40.0850088,23.9775837,Βροχή και αέρας ήταν
4338,Κλείδα την πόρτα σου και το γειτονά σου κλέφτα μη πιάνεις,"Πόντος, Οινόη",http://hdl.handle.net/20.500.11853/210728,"Βαμβακίδης, Ι.",Πόντος,40.0850088,23.9775837,Κλείσε την πόρτα σου και τον γείτονά σου κλέφτη μην τον πιάνεις
3233,Έξαψεν κ' εστίλιξεν,Πόντος,http://hdl.handle.net/20.500.11853/287419,"Βαλαβάνης, Ι.",Πόντος,40.0850088,23.9775837,Άναψε και τύλιξε
96262,Το ποδάρ'ν ατ' 'ς σο λιθάρ' 'κ' εντώκεν,"Πόντος, Χαλδία",http://hdl.handle.net/20.500.11853/244162,"Παπαδόπουλος, Άνθιμος Α.",Πόντος,40.0850088,23.9775837,Το πόδι του στο λιθάρι δεν το έβαλε.
96140,Την κάταν είπαν άτεν το σκατό σ' μούσκον βοτάνιν εὶναι κ' εχτάλεψεν κ' έθαψεν άτο,"Πόντος, Κερασούντα",http://hdl.handle.net/20.500.11853/184728,"Παπαδόπουλος, Άνθιμος Α.",Πόντος,40.0850088,23.9775837,Την κότα την είπαν ότι το σκατό της είναι μοσχοβότανο και το μάζεψε και το έθαψε.
3345,Επέμενα πουλίν 'ς σο κλαδίν,Πόντος,http://hdl.handle.net/20.500.11853/263983,"Βαλαβάνης, Ι.",Πόντος,40.0850088,23.9775837,Επέμενα πουλί στο κλαδί
77528,"Αναθυμεθή, και μη κατασυρμονή","Πόντος, Χαλδία",http://hdl.handle.net/20.500.11853/153558,"Μελανοφρύδης, Παντελεήμον Η.",Πόντος,40.0850088,23.9775837,"Αναθυμήσου, και μην απογοητεύεσαι"
94780,Αφκακές χαντσεύ,Πόντος,http://hdl.handle.net/20.500.11853/184871,"Παπαδόπουλος, Άνθιμος Α.",Πόντος,40.0850088,23.9775837,Άδικες μαχαιριές
3673,Ο γυρευόν εγύρευεν κ έδίνεν για την ψχήν άτ,Πόντος,http://hdl.handle.net/20.500.11853/166939,"Βαλαβάνης, Ι.",Πόντος,40.0850088,23.9775837,Ο γυρευτής γύρευε και έδινε για την ψυχή του
90323,Κάθκε η πομπή 'ς την Δεβαν κι αναθήκει τους διαβάτους,Πόντος,http://hdl.handle.net/20.500.11853/263903,"Ξανθουδίδης, Στέφανος Α.",Πόντος,40.0850088,23.9775837,Κάθισε η πομπή στη Δεβάν και περιμένει τους διαβάτες
96208,Το καλόν τ' άλογον το γέμ' ν αθε αρτουρεύ',"Πόντος, Χαλδία",http://hdl.handle.net/20.500.11853/199763,"Παπαδόπουλος, Άνθιμος Α.",Πόντος,40.0850088,23.9775837,Το καλό άλογο γεμίζει όταν το ταΐζεις.
96219,Το κατζίν ατ' τσαρούχ' στέκ',"Πόντος, Χαλδία",http://hdl.handle.net/20.500.11853/199772,"Παπαδόπουλος, Άνθιμος Α.",Πόντος,40.0850088,23.9775837,Το δέρμα του τσαρούχι στέκει.
95624,"Ο λύκον έρθεν 'ς σά πρόγατα, άς κλαίη πού έχ' τό μαναχόν","Πόντος, Τραπεζούντα",http://hdl.handle.net/20.500.11853/184556,"Παπαδόπουλος, Άνθιμος Α.",Πόντος,40.0850088,23.9775837,"Ο λύκος ήρθε στα πρόβατα, ας κλαίει αυτός που έχει το μοναχό."
95182,Η κορώνα 'ς σην Άσπρη θάλασσαν πα αν πάη τ' ωβά 'τ'ς μαύρα είν',"Πόντος, Σάντα",http://hdl.handle.net/20.500.11853/216967,"Παπαδόπουλος, Άνθιμος Α.",Πόντος,40.0850088,23.9775837,Η κορώνα στην Άσπρη θάλασσα όποτε πάει τα αυγά της μαύρα είναι.
4070,Την ημέραν μιαν φά κι άμον εμέν δούλον ας έγης,Πόντος,http://hdl.handle.net/20.500.11853/166863,"Βαλαβάνης, Ι.",Πόντος,40.0850088,23.9775837,Την ημέρα μια φάε και σαν εμένα δούλο ας έχεις
95863,Ποιος βάλλ' το χέρ΄ν ατ' 'ς σο μέλ' και 'κι λείχ' τα δάχτυλα 'τ',"Πόντος, Τραπεζούντα",http://hdl.handle.net/20.500.11853/217323,"Παπαδόπουλος, Άνθιμος Α.",Πόντος,40.0850088,23.9775837,Ποιος βάζει το χέρι του στο μέλι και δεν γλείφει τα δάχτυλά του
97342,Ώβασον κ' επ' εκεί κακάντσον,Πόντος,http://hdl.handle.net/20.500.11853/268390,"Παπανανιάδης, Ελευθέριος",Πόντος,40.0850088,23.9775837,Πήγαινε και εκεί κάτω.
95435,Με το στόμα του πουλλία πιάνει,"Πόντος, Ινέπολη",http://hdl.handle.net/20.500.11853/243989,"Παπαδόπουλος, Άνθιμος Α.",Πόντος,40.0850088,23.9775837,Με το στόμα του πουλιά πιάνει
95491,Ναμκιόρα κάτα,"Πόντος, Ινέπολη",http://hdl.handle.net/20.500.11853/184642,"Παπαδόπουλος, Άνθιμος Α.",Πόντος,40.0850088,23.9775837,Γιατί έτσι φαίνεται.
95937,΄Σ σο κιφάλι του φέσι ΄κ΄ έχει και ΄ς τον κώλο του καλούπι υρεύει,"Πόντος, Ινέπολη",http://hdl.handle.net/20.500.11853/184505,"Παπαδόπουλος, Άνθιμος Α.",Πόντος,40.0850088,23.9775837,Στο κεφάλι του φέσι δεν έχει και στον κώλο του καλούπι γυρεύει
77955,Το ξένον τ' αλόγου ποι καβαλκέβ' αγλύγωρα κατηβαίν',"Πόντος, Χαλδία",http://hdl.handle.net/20.500.11853/206844,"Μελανοφρύδης, Παντελεήμον Η.",Πόντος,40.0850088,23.9775837,Το ξένο το άλογο που καβαλικεύει γρήγορα κατεβαίνει
95250,Θεόν 'κι θυμάζ!,"Πόντος, Χαλδία",http://hdl.handle.net/20.500.11853/184132,"Παπαδόπουλος, Άνθιμος Α.",Πόντος,40.0850088,23.9775837,Θεό δεν θυμάσαι!
94794,"Βαρέα μη λεγνόντς, τζακούνταν τα μέσα σ",Πόντος,http://hdl.handle.net/20.500.11853/217160,"Παπαδόπουλος, Άνθιμος Α.",Πόντος,40.0850088,23.9775837,"Βαριά μην σηκώνεις, τραντάζονται τα μέσα σου"
96365,"Τράντα χρονών λιβρόν κορίτσ' λεν ατεν παλαιγραία, κλίσκεται και χεροφιλεί, ρούζ'νε τα μασωτέρα 'τ'ς","Πόντος, Χαλδία",http://hdl.handle.net/20.500.11853/217518,"Παπαδόπουλος, Άνθιμος Α.",Πόντος,40.0850088,23.9775837,"Σαράντα χρονών ελεύθερη κοπέλα τη λένε γριά, κλείνεται και χαιρετάει με χειροφίλημα, κοκκινίζουν τα μάγουλά της."
78095,Το κορίτσ να εφήναν ατο γιά λιριτσήν παιρ γιά ταγουλτσήν,"Πόντος, Χαλδία",http://hdl.handle.net/20.500.11853/271467,"Μελίδης, Θεόδωρος",Πόντος,40.0850088,23.9775837,Το κορίτσι να το αφήνουν είτε για λυράρη είτε για τραγουδιστή.
94889,Έϊ γουρπάν 'ς ση λαλία σ' και 'ς σην καλατζία σ'!,"Πόντος, Κοτύωρα",http://hdl.handle.net/20.500.11853/217187,"Παπαδόπουλος, Άνθιμος Α.",Πόντος,40.0850088,23.9775837,Έι γουρπάν στη λαλιά σου και στην καλοσύνη σου!
95593,"Ο καλός ο μύλος ό,τι εύρη αλέθει","Πόντος, Ινέπολη",http://hdl.handle.net/20.500.11853/217241,"Παπαδόπουλος, Άνθιμος Α.",Πόντος,40.0850088,23.9775837,"Ο καλός ο μύλος ό,τι βρει αλέθει"
96244,Το μωρό αμούδα κλαίη βυζί ο δίγουν α,"Πόντος, Όφις",http://hdl.handle.net/20.500.11853/199787,"Παπαδόπουλος, Άνθιμος Α.",Πόντος,40.0850088,23.9775837,"Το μωρό άμα κλαίει, βυζί του δίνουν."
3789,Όποιος ολιγωρεί ν' αρχοντύνη συγερά την εφτωσίαν,Πόντος,http://hdl.handle.net/20.500.11853/141218,"Βαλαβάνης, Ι.",Πόντος,40.0850088,23.9775837,Όποιος ολιγωρεί να αρχοντεύει συγυρίζει τη φτώχεια.
77856,Σκυλί κοτσίματα,"Πόντος, Χαλδία",http://hdl.handle.net/20.500.11853/264314,"Μελανοφρύδης, Παντελεήμον Η.",Πόντος,40.0850088,23.9775837,Σκυλί δαγκώματα
77292,"Ένα παιδί, παιδί είναι;","Πόντος, Μεσημβρία",http://hdl.handle.net/20.500.11853/160611,"Μέγας, Γ. Α.",Πόντος,40.0850088,23.9775837,"Ένα παιδί, παιδί είναι;"
77922,Τη Σιασκάλ' τον πάρδον παίρνω κι ασή Μαυρενα κ' εβγαίνω,"Πόντος, Χαλδία",http://hdl.handle.net/20.500.11853/264328,"Μελανοφρύδης, Παντελεήμον Η.",Πόντος,40.0850088,23.9775837,Παίρνω τον δρόμο της Σαψών και βγαίνω από τη Μαύρη Θάλασσα
78010,"Αν έζησες, έζησες κι αν κ' έζησες απ' εκεί πλάν' χωρίον κ' εὶναι","Πόντος, Χαλδία",http://hdl.handle.net/20.500.11853/165513,"Μελίδης, Θεόδωρος",Πόντος,40.0850088,23.9775837,"Αν έζησες, έζησες κι αν δεν έζησες από εκεί πέρα χωριό δεν είναι"
95111,Εφτά σάβανα έγρασεν,"Πόντος, Χαλδία",http://hdl.handle.net/20.500.11853/243960,"Παπαδόπουλος, Άνθιμος Α.",Πόντος,40.0850088,23.9775837,Επτά σάβανα έβρεξε
3824,Ομάλια δέβα,Πόντος,http://hdl.handle.net/20.500.11853/166891,"Βαλαβάνης, Ι.",Πόντος,40.0850088,23.9775837,Πήγαινε κατευθείαν.
3426,Η κακέσα η νύφε τημ πεθεράν αίτς σ'αποδαύλια καθίζει,Πόντος,http://hdl.handle.net/20.500.11853/287655,"Βαλαβάνης, Ι.",Πόντος,40.0850088,23.9775837,Η κακιά νύφη την πεθερά της στα κατώγια καθίζει
77816,"Ούντι αν γίνεται ο κόσμος, γίνετια και ο Κοσμάς","Πόντος, Χαλδία",http://hdl.handle.net/20.500.11853/272170,"Μελανοφρύδης, Παντελεήμον Η.",Πόντος,40.0850088,23.9775837,"Ό,τι αν γίνεται ο κόσμος, γίνεται και ο Κοσμάς"
95560,Ο Θεόν δί' τα φάβατα που 'κ' έχ΄ δόντια να τρώη άτα,"Πόντος, Χαλδία",http://hdl.handle.net/20.500.11853/184512,"Παπαδόπουλος, Άνθιμος Α.",Πόντος,40.0850088,23.9775837,Ο Θεός δίνει τα κουκιά σε αυτόν που δεν έχει δόντια να τα τρώει.
95428,Με το κοκκινόκωλον το κερίν εκαλέσανε σε!,"Πόντος, Κερασούντα",http://hdl.handle.net/20.500.11853/199647,"Παπαδόπουλος, Άνθιμος Α.",Πόντος,40.0850088,23.9775837,Με το κοκκινόκωλο το κερί σε κάλεσαν!
94996,Εθαρρείς κι έσκισες το μήλον κ' εποίκες α δύο,"Πόντος, Χαλδία",http://hdl.handle.net/20.500.11853/217185,"Παπαδόπουλος, Άνθιμος Α.",Πόντος,40.0850088,23.9775837,Νομίζεις πως έσκισες το μήλο και το έκανες δύο.
95230,Ήνταν στέν' νε τα τεμέλα προσκυνούν τα κεραμίδα,"Πόντος, Τραπεζούντα",http://hdl.handle.net/20.500.11853/184116,"Παπαδόπουλος, Άνθιμος Α.",Πόντος,40.0850088,23.9775837,"Όταν στενέψουν τα θεμέλια, προσκυνούν τα κεραμίδια"
94832,Για λάμψον για θα λάμπω (ή λάμψε ή θα λάμψω),"Πόντος, Χαλδία",http://hdl.handle.net/20.500.11853/217165,"Παπαδόπουλος, Άνθιμος Α.",Πόντος,40.0850088,23.9775837,Ή λάμψε ή θα λάμψω
94500,Άλλος τρώει κι άλλος λείχ' τα χείλα 'τ',"Πόντος, Χαλδία",http://hdl.handle.net/20.500.11853/184250,"Παπαδόπουλος, Άνθιμος Α.",Πόντος,40.0850088,23.9775837,Άλλος τρώει κι άλλος γλείφει τα χείλη του
77619,"Εκατεθάρρεσαμ' σον Θον έμουν, κι ο Θοε έμουν πα επιδέβε μας","Πόντος, Χαλδία",http://hdl.handle.net/20.500.11853/173088,"Μελανοφρύδης, Παντελεήμον Η.",Πόντος,40.0850088,23.9775837,"Εμπιστευτήκαμε στον Θεό μας, κι ο Θεός μας ανταπέδωσε."
95294,Και τη μυρμήκαν καταγλαθάζει,"Πόντος, Κερασούντα",http://hdl.handle.net/20.500.11853/217010,"Παπαδόπουλος, Άνθιμος Α.",Πόντος,40.0850088,23.9775837,Και το μυρμήγκι κοροϊδεύει
96191,"Το θα εβγαίν' τ' όνομα σ', ας εβγαίν' ν' τ' ομμάτα σ'","Πόντος, Χαλδία",http://hdl.handle.net/20.500.11853/199760,"Παπαδόπουλος, Άνθιμος Α.",Πόντος,40.0850088,23.9775837,"Αν θα βγαίνει το όνομά σου, ας βγαίνουν τα μάτια σου."
95551,Ο ζαντόν πα τ' αχούλ'ν ατ' επεγιανεύτεν,"Πόντος, Χαλδία",http://hdl.handle.net/20.500.11853/217531,"Παπαδόπουλος, Άνθιμος Α.",Πόντος,40.0850088,23.9775837,Ο τρελός στο αχούρι του γύριζε.
3370,Ετάραξεν κ' η κοσκινού τον άνδρα της με τους πραματευτάδες,Πόντος,http://hdl.handle.net/20.500.11853/263985,"Βαλαβάνης, Ι.",Πόντος,40.0850088,23.9775837,Η κοσκινίστρα τάραξε κι αυτή τον άντρα της με τους πραματευτάδες.
4294,"Έχασα νύφεν και γαμπρό, τα δυο παιδιά μου έχω","Πόντος, Οινόη",http://hdl.handle.net/20.500.11853/191066,"Βαμβακίδης, Ι.",Πόντος,40.0850088,23.9775837,"Έχασα νύφη και γαμπρό, τα δύο παιδιά μου έχω"
4080,"Τιού σε, διάβολε",Πόντος,http://hdl.handle.net/20.500.11853/166807,"Βαλαβάνης, Ι.",Πόντος,40.0850088,23.9775837,"Τι είσαι, διάβολε"
3223,Έμαθες της γραίας τα μήλα,Πόντος,http://hdl.handle.net/20.500.11853/263901,"Βαλαβάνης, Ι.",Πόντος,40.0850088,23.9775837,Έμαθες της γριάς τα μήλα
4335,"Καλό φαΐν πάλι να ένι, μισίεται","Πόντος, Οινόη",http://hdl.handle.net/20.500.11853/246384,"Βαμβακίδης, Ι.",Πόντος,40.0850088,23.9775837,"Καλό φαΐ πάλι να είναι, μισείται"
3678,Ο ήλιον εδιαστόλισεν,Πόντος,http://hdl.handle.net/20.500.11853/166760,"Βαλαβάνης, Ι.",Πόντος,40.0850088,23.9775837,Ο ήλιος εδιακόσμησε.
4300,Εδώκανε σε πρόσωπον και θέλεις και τ' αστάρι,"Πόντος, Οινόη",http://hdl.handle.net/20.500.11853/191071,"Βαμβακίδης, Ι.",Πόντος,40.0850088,23.9775837,Σου έδωσαν το πρόσωπο και θέλεις και το αστάρι
3834,Ούμπαν γάμος και συ παράνυμφος,Πόντος,http://hdl.handle.net/20.500.11853/141085,"Βαλαβάνης, Ι.",Πόντος,40.0850088,23.9775837,Όπου γάμος και εσύ παράνυμφος
94619,"Αν εὶναι, Χριστός ανέστη, αν 'κ' εὶναι, θάνατον πατήσας","Πόντος, Κοτύωρα",http://hdl.handle.net/20.500.11853/184272,"Παπαδόπουλος, Άνθιμος Α.",Πόντος,40.0850088,23.9775837,"Αν είναι, Χριστός ανέστη, αν δεν είναι, θάνατο πατήσας"
94896,Έκλασεν η κάτα 'ς ση θάλασσαν κ' εποίκεν μερτικόν,"Πόντος, Σάντα",http://hdl.handle.net/20.500.11853/199683,"Παπαδόπουλος, Άνθιμος Α.",Πόντος,40.0850088,23.9775837,Έκλασε η γάτα στη θάλασσα και έκανε μερτικό.
3787,Όποιος καυκάται να πάγη 'ς σομύδια σέσκεται έως τ' οφρύδια,Πόντος,http://hdl.handle.net/20.500.11853/203404,"Βαλαβάνης, Ι.",Πόντος,40.0850088,23.9775837,Όποιος καυγαδίζει να πάει στα μύδια βυθίζεται έως τα φρύδια.
3314,Εκοιμέθεν η καντήλα,Πόντος,http://hdl.handle.net/20.500.11853/203368,"Βαλαβάνης, Ι.",Πόντος,40.0850088,23.9775837,Η καντήλα έσβησε.
95950,Σ της αρκούδας τον κώλο κι άλλο λίπος αλείφεις,"Πόντος, Χαλδία",http://hdl.handle.net/20.500.11853/184629,"Παπαδόπουλος, Άνθιμος Α.",Πόντος,40.0850088,23.9775837,Στο κώλο της αρκούδας κι άλλο λίπος αλείφεις
3088,Απάν ς σα πουδαρομύτια τ πορπατεί,Πόντος,http://hdl.handle.net/20.500.11853/264034,"Βαλαβάνης, Ι.",Πόντος,40.0850088,23.9775837,Πάνω στα πουδαρομύτια περπατεί
96238,Το μέλ' π' ευκαιρών λείχ΄ τα δάχτυλα 'τ',"Πόντος, Κοτύωρα",http://hdl.handle.net/20.500.11853/217453,"Παπαδόπουλος, Άνθιμος Α.",Πόντος,40.0850088,23.9775837,Το μέλι που ευκαιρεί γλείφει τα δάχτυλά του.
90554,Το τραντάφυλλον πα έχ' αχάντια,"Πόντος, Κοτύωρα",http://hdl.handle.net/20.500.11853/196148,"Ξενίτας, Ξένου",Πόντος,40.0850088,23.9775837,Το τριαντάφυλλο πάντα έχει αγκάθια
77779,Ο λύκον πρόγατον κι γίνεται,"Πόντος, Χαλδία",http://hdl.handle.net/20.500.11853/173178,"Μελανοφρύδης, Παντελεήμον Η.",Πόντος,40.0850088,23.9775837,Ο λύκος πρόβατο δεν γίνεται
4242,Α σο πολλά το κυριελέησον εχάσα τα 'ξιπέντε,"Πόντος, Οινόη",http://hdl.handle.net/20.500.11853/246373,"Βαμβακίδης, Ι.",Πόντος,40.0850088,23.9775837,Στα πολλά τα κυριελέησον έχασε τα δεκαπέντε
96393,Χολά 'σκουμαι; κρούγω σε χαλά 'σκεσαι; κρούγω σε,Πόντος,http://hdl.handle.net/20.500.11853/217588,"Παπαδόπουλος, Άνθιμος Α.",Πόντος,40.0850088,23.9775837,Χωλάω σ' αγαπώ; κρύβομαι σε χαλάς σ' αγαπώ; κρύβομαι σε
95654,Ο οκνέας άνθρωπο φορτούται βαρύ γομάρ΄,"Πόντος, Όφις",http://hdl.handle.net/20.500.11853/217296,"Παπαδόπουλος, Άνθιμος Α.",Πόντος,40.0850088,23.9775837,Ο τεμπέλης άνθρωπος φορτώνεται βαρύ φορτίο.
94714,Ας ση ξέρου τη ξυλί τον φόνον καίεται και το ζογρόν,"Πόντος, Χαλδία",http://hdl.handle.net/20.500.11853/217141,"Παπαδόπουλος, Άνθιμος Α.",Πόντος,40.0850088,23.9775837,Αυτοί που ξέρουν το ξύλο της φωτιάς καίγεται και το ζωντανό.
78048,Θα κόφς το κιφάλιν αθες και το κιφάλιν αθε,"Πόντος, Χαλδία",http://hdl.handle.net/20.500.11853/202667,"Μελίδης, Θεόδωρος",Πόντος,40.0850088,23.9775837,Θα κόψεις το κεφάλι αυτού και το κεφάλι αυτής
4045,Τη Κουκουλίτ' ο γάμον,Πόντος,http://hdl.handle.net/20.500.11853/141152,"Βαλαβάνης, Ι.",Πόντος,40.0850088,23.9775837,Του Κουκουλίτη ο γάμος
95100,Εύκαιρον σακκίν ΄ς σα ποδάρα΄κι στεκ,"Πόντος, Χαλδία",http://hdl.handle.net/20.500.11853/184051,"Παπαδόπουλος, Άνθιμος Α.",Πόντος,40.0850088,23.9775837,Έτοιμο το σακί στα ποδάρια και στέκεται.
4328,"Θρέψε την κορόνα, να βγάλει τα μάτια σου","Πόντος, Οινόη",http://hdl.handle.net/20.500.11853/191084,"Βαμβακίδης, Ι.",Πόντος,40.0850088,23.9775837,"Θρέψε την κόρη, να βγάλει τα μάτια σου"
4049,"Τη λογ ατς νύφε γίνεται, τη λογ ατς στεφανούται",Πόντος,http://hdl.handle.net/20.500.11853/201741,"Βαλαβάνης, Ι.",Πόντος,40.0850088,23.9775837,"Τη λόξα της νύφης γίνεται, τη λόξα της στεφανώνεται"
77963,Το ράμμα μ' εποΓιατσα,"Πόντος, Χαλδία",http://hdl.handle.net/20.500.11853/264324,"Μελανοφρύδης, Παντελεήμον Η.",Πόντος,40.0850088,23.9775837,Το ρούχο μου έραψα.
95306,Καλόν σκαμνίν πη θήκ' για τ΄εκείνον θηκ' άτο,"Πόντος, Χαλδία",http://hdl.handle.net/20.500.11853/184025,"Παπαδόπουλος, Άνθιμος Α.",Πόντος,40.0850088,23.9775837,Καλό σκαμνί που έβαλε για εκείνον έβαλε αυτό.
77916,Τη κόλασις τα τεμέλια επήρα,"Πόντος, Χαλδία",http://hdl.handle.net/20.500.11853/206825,"Μελανοφρύδης, Παντελεήμον Η.",Πόντος,40.0850088,23.9775837,Τα θεμέλια της κόλασης πήρα.
95743,Όποιος γίνεται πρόγατον τρώει άτον ο λύκον,"Πόντος, Χαλδία",http://hdl.handle.net/20.500.11853/244078,"Παπαδόπουλος, Άνθιμος Α.",Πόντος,40.0850088,23.9775837,Όποιος γίνεται πρόβατο τον τρώει ο λύκος
95020,Εκατεθάρρεσαμ' 'ς σον Θον έμου κι ο Θος έμου πα επιδέβε μας,"Πόντος, Χαλδία",http://hdl.handle.net/20.500.11853/184465,"Παπαδόπουλος, Άνθιμος Α.",Πόντος,40.0850088,23.9775837,Καταθαρθήκαμε στον Θεό μου και ο Θεός μου μας επιβλέπει.
96172,Το βρακί μ' σύρτς παίρτς,"Πόντος, Κοτύωρα",http://hdl.handle.net/20.500.11853/184745,"Παπαδόπουλος, Άνθιμος Α.",Πόντος,40.0850088,23.9775837,Το βρακί μου σύρσ’ παίρσ’.
2091,Ηλιομάραντον μοιάζει,"Πόντος, Οινόη",http://hdl.handle.net/20.500.11853/198350,Αντωνιάδης,Πόντος,40.0850088,23.9775837,Το ηλιοτρόπιο μοιάζει.
77835,"Ποίος νυφίτσα 'νέλαξεν, 'πέμνεν αναλαγμέντσα;","Πόντος, Χαλδία",http://hdl.handle.net/20.500.11853/153619,"Μελανοφρύδης, Παντελεήμον Η.",Πόντος,40.0850088,23.9775837,"Ποια νυφίτσα ανακατεύτηκε, έμεινε ανακατεμένη;"
95623,Ο λύκον ας σα μετρεμένα πα τρώει,"Πόντος, Σάντα",http://hdl.handle.net/20.500.11853/217273,"Παπαδόπουλος, Άνθιμος Α.",Πόντος,40.0850088,23.9775837,Ο λύκος από τα μετρημένα δεν τρώει
95033,Εκυλίεν η τέντζερη κ' εύρεν το γαπάχ,"Πόντος, Κοτύωρα",http://hdl.handle.net/20.500.11853/184470,"Παπαδόπουλος, Άνθιμος Α.",Πόντος,40.0850088,23.9775837,Κυλίστηκε η κατσαρόλα και βρήκε το καπάκι.
95678,Ο σκύλλον να ελέπ' να υλάζ',"Πόντος, Κερασούντα",http://hdl.handle.net/20.500.11853/244091,"Παπαδόπουλος, Άνθιμος Α.",Πόντος,40.0850088,23.9775837,Ο σκύλος να βλέπει να γαβγίζει
95671,Ο σημερ'νός εὶναι κι αυριζ'νός 'κ' εὶναι,"Πόντος, Τραπεζούντα",http://hdl.handle.net/20.500.11853/244085,"Παπαδόπουλος, Άνθιμος Α.",Πόντος,40.0850088,23.9775837,Ο σημερινός είναι και αυριανός δεν είναι
77520,Αλείφτια σο κατσίν ατ',"Πόντος, Χαλδία",http://hdl.handle.net/20.500.11853/153566,"Μελανοφρύδης, Παντελεήμον Η.",Πόντος,40.0850088,23.9775837,Άλειψε το κεφάλι του.
77859,Σο ράμμανσο βελόν' μεχτάτζ,"Πόντος, Χαλδία",http://hdl.handle.net/20.500.11853/153627,"Μελανοφρύδης, Παντελεήμον Η.",Πόντος,40.0850088,23.9775837,Στο ράψιμο βελόνα χρειάζεται
4117,Το μωρόν ους να κι κλαίει τσιτσίν κι δίγν άτο,Πόντος,http://hdl.handle.net/20.500.11853/202181,"Βαλαβάνης, Ι.",Πόντος,40.0850088,23.9775837,Το μωρό που δεν κλαίει γάλα δεν του δίνουν
94622,"Αν σε ήρτε φάνταγμα, Θεοτόκε Παρθένε!","Πόντος, Ινέπολη",http://hdl.handle.net/20.500.11853/184279,"Παπαδόπουλος, Άνθιμος Α.",Πόντος,40.0850088,23.9775837,"Αν σου ήρθε φάντασμα, Θεοτόκε Παρθένε!"
4111,Το λόγο μ ας σο κιφάλ έκοψεν,Πόντος,http://hdl.handle.net/20.500.11853/202186,"Βαλαβάνης, Ι.",Πόντος,40.0850088,23.9775837,Ο λόγος μου σου το κεφάλι έκοψε.
4167,"Τολ λύκον ερώτεσαν, Πρόβατα ωριάγεις; κ' εκείνος η τέχνη μ' ατό εὶναι... είπεν",Πόντος,http://hdl.handle.net/20.500.11853/277233,"Βαλαβάνης, Ι.",Πόντος,40.0850088,23.9775837,Ρώτησαν τον λύκο: Πρόβατα φυλάς; Και εκείνος απάντησε: Αυτή είναι η τέχνη μου...
95936,Σ σο ζεστόν π'εκάεν εφύσεσεν και 'ς σο κρύον,"Πόντος, Τραπεζούντα",http://hdl.handle.net/20.500.11853/217360,"Παπαδόπουλος, Άνθιμος Α.",Πόντος,40.0850088,23.9775837,Στο ζεστό που έκαψε φύσηξε και στο κρύο
77645,Ευρές τον γιατρόν ποι θα γιατρεύ τ' ομμάτια σ',"Πόντος, Χαλδία",http://hdl.handle.net/20.500.11853/153589,"Μελανοφρύδης, Παντελεήμον Η.",Πόντος,40.0850088,23.9775837,Βρήκες τον γιατρό που θα γιατρέψει τα μάτια σου
96081,Τα παλαιά τ' άχυρα βορρίζεις,"Πόντος, Κερασούντα",http://hdl.handle.net/20.500.11853/184683,"Παπαδόπουλος, Άνθιμος Α.",Πόντος,40.0850088,23.9775837,Τα παλιά άχυρα διώχνεις
95827,Παραθεόν πα χα έης,"Πόντος, Κοτύωρα",http://hdl.handle.net/20.500.11853/244110,"Παπαδόπουλος, Άνθιμος Α.",Πόντος,40.0850088,23.9775837,Παραθεού παν να έχεις
96154,Της Αγίας Κερεκής τ' άψιμον,Πόντος,http://hdl.handle.net/20.500.11853/184734,"Παπαδόπουλος, Άνθιμος Α.",Πόντος,40.0850088,23.9775837,Της Αγίας Κυριακής το άναμμα
3627,Μίαν εξήβα 'ς σομ κλεψείον και ατότε φέγγον έτον,Πόντος,http://hdl.handle.net/20.500.11853/203356,"Βαλαβάνης, Ι.",Πόντος,40.0850088,23.9775837,Μία φορά μπήκα στο κλεφτοφάναρο και τότε φως είχε.
3763,Όλα όλα έντεκα είν',Πόντος,http://hdl.handle.net/20.500.11853/163830,"Βαλαβάνης, Ι.",Πόντος,40.0850088,23.9775837,Όλα όλα έντεκα είναι!
3274,Εγένουμουν απάν τη γης,Πόντος,http://hdl.handle.net/20.500.11853/166758,"Βαλαβάνης, Ι.",Πόντος,40.0850088,23.9775837,Έγινα πάνω στη γη
3556,Κρίμαν σσο βούδ τι έσπαξα και σηγ ντ' εποίκα,Πόντος,http://hdl.handle.net/20.500.11853/273441,"Βαλαβάνης, Ι.",Πόντος,40.0850088,23.9775837,Κρίμα στο βόδι που έσφαξα και τιποτένια το έκανα
96269,Το ποτάμ' αποπάν' εὶναι θρασκεμένον κι αποφκά ήσυχον,"Πόντος, Τραπεζούντα",http://hdl.handle.net/20.500.11853/244068,"Παπαδόπουλος, Άνθιμος Α.",Πόντος,40.0850088,23.9775837,Το ποτάμι από πάνω είναι θρασυμένο και από κάτω ήσυχο
95975,Σε ξένο άλογο που κάτση αγλήορα κατεβαίνει,"Πόντος, Ινέπολη",http://hdl.handle.net/20.500.11853/199730,"Παπαδόπουλος, Άνθιμος Α.",Πόντος,40.0850088,23.9775837,Σε ξένο άλογο που κάθεται γρήγορα κατεβαίνει
94663,Από την αρκούδα και μια τρίχα να ξεριζώσης καλό είναι,Πόντος,http://hdl.handle.net/20.500.11853/184358,"Παπαδόπουλος, Άνθιμος Α.",Πόντος,40.0850088,23.9775837,Από την αρκούδα και μια τρίχα να ξεριζώσεις καλό είναι
3902,Σ αλώνον ατ νε βρέσ' νε σιονίζ,Πόντος,http://hdl.handle.net/20.500.11853/141142,"Βαλαβάνης, Ι.",Πόντος,40.0850088,23.9775837,"Στο αλώνι του δεν βρέχει, δεν χιονίζει"
95238,Ήντσαν τρέχ' 'ς σήν αρχοντίαν συερά την εφτωχίαν,"Πόντος, Τραπεζούντα",http://hdl.handle.net/20.500.11853/184119,"Παπαδόπουλος, Άνθιμος Α.",Πόντος,40.0850088,23.9775837,Σαν να τρέχεις στην αρχοντιά σερνάροντας τη φτώχεια.
3904,Σ ατόν επεκρεμάστα,Πόντος,http://hdl.handle.net/20.500.11853/273431,"Βαλαβάνης, Ι.",Πόντος,40.0850088,23.9775837,Σε αυτόν κρεμαστήκαμε.
96132,Την αρκούδα την έστειλαν 'ς το δάσος και φορτώθηκε όλο το δάσος,"Πόντος, Κερασούντα",http://hdl.handle.net/20.500.11853/184779,"Παπαδόπουλος, Άνθιμος Α.",Πόντος,40.0850088,23.9775837,Την αρκούδα την έστειλαν στο δάσος και φόρτωσε όλο το δάσος
96272,"Το πρόβαν 'κ' έμαθα, τ' αιίζ' κάπως λέγ'νε","Πόντος, Κρώμνη",http://hdl.handle.net/20.500.11853/184799,"Παπαδόπουλος, Άνθιμος Α.",Πόντος,40.0850088,23.9775837,"Το πρόβατο δεν έμαθα, το κατσίκι κάπως λένε."
78063,Να σέης τ ΄ αχούλια σ δέσκαλε μετ΄ ένα γορόσ΄ λείψανον σκούται ;,"Πόντος, Χαλδία",http://hdl.handle.net/20.500.11853/165511,"Μελίδης, Θεόδωρος",Πόντος,40.0850088,23.9775837,Να σηκώσεις τα χούφτα σου δάσκαλε με ένα μικρό υπόλοιπο σκουτιά;
3147,Ας στην οκνίαν τ΄ τον γάιδαρον “ταϊ” κουγίζει,Πόντος,http://hdl.handle.net/20.500.11853/289023,"Βαλαβάνης, Ι.",Πόντος,40.0850088,23.9775837,Άμα στην τεμπελιά του ο γάιδαρος “ταϊ” γκαρίζει
95807,Π' εθέλεσεν κ' επέθανε τη γην χαράν εποίκεν,"Πόντος, Τραπεζούντα",http://hdl.handle.net/20.500.11853/244115,"Παπαδόπουλος, Άνθιμος Α.",Πόντος,40.0850088,23.9775837,"Αυτός που ήθελε και πέθανε, τη γη χαρά έκανε."
95181,Η κορώνα 'κι φτάει πάντα το μαύρον το χαβγιάριν,"Πόντος, Κερασούντα",http://hdl.handle.net/20.500.11853/216966,"Παπαδόπουλος, Άνθιμος Α.",Πόντος,40.0850088,23.9775837,Η κορώνα δεν φτάνει πάντα το μαύρο το χαβιάρι
4120,Το νερόν ας σο κεφαλίν κόφκεται,Πόντος,http://hdl.handle.net/20.500.11853/270851,"Βαλαβάνης, Ι.",Πόντος,40.0850088,23.9775837,Το νερό από το κεφάλι κόβεται
94930,Έργατα και δουλείας,"Πόντος, Τραπεζούντα",http://hdl.handle.net/20.500.11853/184030,"Παπαδόπουλος, Άνθιμος Α.",Πόντος,40.0850088,23.9775837,Έργα και δουλειές
97260,Άε Νικόλα κώλεα χασέβ,Πόντος,http://hdl.handle.net/20.500.11853/156652,"Παπανανιάδης, Ελευθέριος",Πόντος,40.0850088,23.9775837,"Άγιε Νικόλα, κόρη χασέβ."
77978,Τον γάιδαρο μ' από τσιαμούρ εξένκα,"Πόντος, Χαλδία",http://hdl.handle.net/20.500.11853/153640,"Μελανοφρύδης, Παντελεήμον Η.",Πόντος,40.0850088,23.9775837,Τον γάιδαρό μου από τη λάσπη έβγαλα
2998,Άκωλον πιθάριν,Πόντος,http://hdl.handle.net/20.500.11853/203363,"Βαλαβάνης, Ι.",Πόντος,40.0850088,23.9775837,Ακάλυπτο πιθάρι
94732,Ας σο ράμμαν 'ς σο βελόνιν,"Πόντος, Κερασούντα",http://hdl.handle.net/20.500.11853/184353,"Παπαδόπουλος, Άνθιμος Α.",Πόντος,40.0850088,23.9775837,Ας στο ράμμα στο βελόνι.
78078,Παιδίν ας έχωμε και κώλον μ' εσ',"Πόντος, Χαλδία",http://hdl.handle.net/20.500.11853/264271,"Μελίδης, Θεόδωρος",Πόντος,40.0850088,23.9775837,Ας έχουμε παιδί και ας είναι κουτσό.
95628,Ο λύκον κουζούμ' κι φυλάττ',"Πόντος, Χαλδία",http://hdl.handle.net/20.500.11853/217274,"Παπαδόπουλος, Άνθιμος Α.",Πόντος,40.0850088,23.9775837,Ο λύκος κουζούμ' κι φυλάει.
96255,Το ξύλον ας σον παράδεισον εζήβεν,"Πόντος, Ινέπολη",http://hdl.handle.net/20.500.11853/217485,"Παπαδόπουλος, Άνθιμος Α.",Πόντος,40.0850088,23.9775837,Το ξύλο από τον παράδεισο ζούσε.
94613,"Αν 'κ' έης κοκκένεν ψβμίν, ας έης κοκκένεν γλώσσαν","Πόντος, Χαλδία",http://hdl.handle.net/20.500.11853/184277,"Παπαδόπουλος, Άνθιμος Α.",Πόντος,40.0850088,23.9775837,"Αν δεν έχεις κόκκινο ψωμί, ας έχεις κόκκινη γλώσσα"
95935,Σ σο γάλαν π'εκάεν εφύσεσεν και 'ς σο ταν',"Πόντος, Χαλδία",http://hdl.handle.net/20.500.11853/217359,"Παπαδόπουλος, Άνθιμος Α.",Πόντος,40.0850088,23.9775837,Στο γάλα που κάηκε φύσηξε και στο γιαούρτι.
2997,Άκουσον κ' ύστερον κρίνον,Πόντος,http://hdl.handle.net/20.500.11853/141210,"Βαλαβάνης, Ι.",Πόντος,40.0850088,23.9775837,Άκουσε και ύστερα κρίνε
3857,Πίστη και νόμον κ' έσ',Πόντος,http://hdl.handle.net/20.500.11853/203419,"Βαλαβάνης, Ι.",Πόντος,40.0850088,23.9775837,Πίστη και νόμο δεν έχεις!
95571,Ο Θεός άδικα θωρεί και δίκαια κρίνει,"Πόντος, Ινέπολη",http://hdl.handle.net/20.500.11853/184522,"Παπαδόπουλος, Άνθιμος Α.",Πόντος,40.0850088,23.9775837,Ο Θεός άδικα βλέπει και δίκαια κρίνει
95050,Εννέα Ιμερίτ' και δέκα παρχανάδας,"Πόντος, Χαλδία",http://hdl.handle.net/20.500.11853/184489,"Παπαδόπουλος, Άνθιμος Α.",Πόντος,40.0850088,23.9775837,Εννέα Ιμερίτες και δέκα Παρχανάδες
96097,Ταν ταν κοιλία εύκαιρον και δόντα 'κονεμένα,"Πόντος, Κερασούντα",http://hdl.handle.net/20.500.11853/199751,"Παπαδόπουλος, Άνθιμος Α.",Πόντος,40.0850088,23.9775837,Η κοιλιά γεμάτη και τα δόντια ακίνητα.
77519,Αλάλετος γάιδαρος σον γάμον καλεσμένος,"Πόντος, Χαλδία",http://hdl.handle.net/20.500.11853/153548,"Μελανοφρύδης, Παντελεήμον Η.",Πόντος,40.0850088,23.9775837,Ακάλεστος γάιδαρος στον γάμο καλεσμένος
80385,Τέρ' την μάναν κ' έπαρ' το παιδίν,Πόντος,http://hdl.handle.net/20.500.11853/213797,Μουτίδης,Πόντος,40.0850088,23.9775837,Πάρε τη μάνα και πάρε το παιδί.
3562,Κωδώνιν λαλίαν έσει,Πόντος,http://hdl.handle.net/20.500.11853/200541,"Βαλαβάνης, Ι.",Πόντος,40.0850088,23.9775837,Το κουδούνι έχει λαλιά.
96361,Του τοις βρέχω,Πόντος,http://hdl.handle.net/20.500.11853/184928,"Παπαδόπουλος, Άνθιμος Α.",Πόντος,40.0850088,23.9775837,Του τις βρέχω
